date,btc_price
2022-09-15 00:00:00+00:00,20009.05298293624
2022-09-16 00:00:00+00:00,19713.657885078337
2022-09-17 00:00:00+00:00,19944.8037930681
2022-09-18 00:00:00+00:00,19896.269819626723
2022-09-19 00:00:00+00:00,19028.64110380336
2022-09-20 00:00:00+00:00,19204.936298287543
2022-09-21 00:00:00+00:00,19043.96585937064
2022-09-22 00:00:00+00:00,18975.99571872986
2022-09-23 00:00:00+00:00,19073.964545721286
2022-09-24 00:00:00+00:00,19091.009554828768
2022-09-25 00:00:00+00:00,18996.9478330437
2022-09-26 00:00:00+00:00,19013.769193087952
2022-09-27 00:00:00+00:00,19749.228795000832
2022-09-28 00:00:00+00:00,19112.287843623963
2022-09-29 00:00:00+00:00,19411.69860675131
2022-09-30 00:00:00+00:00,19528.568323571155
2022-10-01 00:00:00+00:00,19333.04134899718
2022-10-02 00:00:00+00:00,19242.76303700624
2022-10-03 00:00:00+00:00,19299.781964059213
2022-10-04 00:00:00+00:00,19936.085301037165
2022-10-05 00:00:00+00:00,20141.6220644356
2022-10-06 00:00:00+00:00,20172.886803387588
2022-10-07 00:00:00+00:00,19822.627618291364
2022-10-08 00:00:00+00:00,19481.477309820933
2022-10-09 00:00:00+00:00,19448.8616851607
2022-10-10 00:00:00+00:00,19337.69630917384
2022-10-11 00:00:00+00:00,19078.263202744216
2022-10-12 00:00:00+00:00,19116.85930064004
2022-10-13 00:00:00+00:00,19032.08213311758
2022-10-14 00:00:00+00:00,19531.06111478737
2022-10-15 00:00:00+00:00,19145.07292056332
2022-10-16 00:00:00+00:00,19163.76075079595
2022-10-17 00:00:00+00:00,19388.482459071583
2022-10-18 00:00:00+00:00,19483.39976213676
2022-10-19 00:00:00+00:00,19222.893853143923
2022-10-20 00:00:00+00:00,19125.428406227464
2022-10-21 00:00:00+00:00,19062.41456904984
2022-10-22 00:00:00+00:00,19174.831175279684
2022-10-23 00:00:00+00:00,19252.06719227375
2022-10-24 00:00:00+00:00,19363.81863395428
2022-10-25 00:00:00+00:00,19577.97218124584
2022-10-26 00:00:00+00:00,20532.22794318574
2022-10-27 00:00:00+00:00,20628.07386292652
2022-10-28 00:00:00+00:00,20383.44776273492
2022-10-29 00:00:00+00:00,20767.012347545064
2022-10-30 00:00:00+00:00,20721.810470348268
2022-10-31 00:00:00+00:00,20506.518709346383
2022-11-01 00:00:00+00:00,20501.46263098544
2022-11-02 00:00:00+00:00,20420.800286739035
2022-11-03 00:00:00+00:00,20254.22818953198
2022-11-04 00:00:00+00:00,20682.140003484783
2022-11-05 00:00:00+00:00,21321.445911977906
2022-11-06 00:00:00+00:00,21224.08660917657
2022-11-07 00:00:00+00:00,20789.90870427215
2022-11-08 00:00:00+00:00,19657.73823181293
2022-11-09 00:00:00+00:00,17627.009858029236
2022-11-10 00:00:00+00:00,16929.26432853959
2022-11-11 00:00:00+00:00,17133.961052974013
2022-11-12 00:00:00+00:00,16858.49475996318
2022-11-13 00:00:00+00:00,16669.24359097605
2022-11-14 00:00:00+00:00,16491.847705284094
2022-11-15 00:00:00+00:00,16829.318656095023
2022-11-16 00:00:00+00:00,16719.21538945442
2022-11-17 00:00:00+00:00,16617.995254653928
2022-11-18 00:00:00+00:00,16746.062033096885
2022-11-19 00:00:00+00:00,16657.227183162617
2022-11-20 00:00:00+00:00,16614.28987678058
2022-11-21 00:00:00+00:00,16063.141359455904
2022-11-22 00:00:00+00:00,15952.634490174509
2022-11-23 00:00:00+00:00,16477.289061816773
2022-11-24 00:00:00+00:00,16616.48552230533
2022-11-25 00:00:00+00:00,16503.870320389597
2022-11-26 00:00:00+00:00,16567.293957517868
2022-11-27 00:00:00+00:00,16549.825901764674
2022-11-28 00:00:00+00:00,16239.385061691246
2022-11-29 00:00:00+00:00,16416.594438733275
2022-11-30 00:00:00+00:00,16915.91297760237
2022-12-01 00:00:00+00:00,17101.74471883394
2022-12-02 00:00:00+00:00,16984.649215001962
2022-12-03 00:00:00+00:00,16995.607298049294
2022-12-04 00:00:00+00:00,17021.862930801097
2022-12-05 00:00:00+00:00,17195.021540870017
2022-12-06 00:00:00+00:00,17000.29816417851
2022-12-07 00:00:00+00:00,16894.80815718743
2022-12-08 00:00:00+00:00,16929.862316399023
2022-12-09 00:00:00+00:00,17196.2772524568
2022-12-10 00:00:00+00:00,17164.446406071544
2022-12-11 00:00:00+00:00,17164.88410019808
2022-12-12 00:00:00+00:00,17003.04624754033
2022-12-13 00:00:00+00:00,17453.087273113175
2022-12-14 00:00:00+00:00,17881.643469033614
2022-12-15 00:00:00+00:00,17587.892030892413
2022-12-16 00:00:00+00:00,17120.27787716642
2022-12-17 00:00:00+00:00,16704.163760491927
2022-12-18 00:00:00+00:00,16737.151639300282
2022-12-19 00:00:00+00:00,16689.20743929555
2022-12-20 00:00:00+00:00,16791.55682900851
2022-12-21 00:00:00+00:00,16836.142931376737
2022-12-22 00:00:00+00:00,16785.778148916354
2022-12-23 00:00:00+00:00,16838.9738085979
2022-12-24 00:00:00+00:00,16837.429466484933
2022-12-25 00:00:00+00:00,16823.533325792505
2022-12-26 00:00:00+00:00,16850.745986845133
2022-12-27 00:00:00+00:00,16809.530592552193
2022-12-28 00:00:00+00:00,16638.733622351407
2022-12-29 00:00:00+00:00,16592.542999721893
2022-12-30 00:00:00+00:00,16551.23757315942
2022-12-31 00:00:00+00:00,16573.358165052243
2023-01-01 00:00:00+00:00,16559.987771017095
2023-01-02 00:00:00+00:00,16686.503010708373
2023-01-03 00:00:00+00:00,16690.377083199997
2023-01-04 00:00:00+00:00,16826.614856651697
2023-01-05 00:00:00+00:00,16833.309516302168
2023-01-06 00:00:00+00:00,16826.645104634837
2023-01-07 00:00:00+00:00,16942.359179756757
2023-01-08 00:00:00+00:00,16949.897131557726
2023-01-09 00:00:00+00:00,17235.032268060455
2023-01-10 00:00:00+00:00,17290.001847992517
2023-01-11 00:00:00+00:00,17447.616962328517
2023-01-12 00:00:00+00:00,18344.162818182987
2023-01-13 00:00:00+00:00,19064.17510687284
2023-01-14 00:00:00+00:00,20808.75495593243
2023-01-15 00:00:00+00:00,20786.44535946133
2023-01-16 00:00:00+00:00,21040.846463111564
2023-01-17 00:00:00+00:00,21192.66751595022
2023-01-18 00:00:00+00:00,21135.73517675431
2023-01-19 00:00:00+00:00,20842.961914485448
2023-01-20 00:00:00+00:00,21262.711818272783
2023-01-21 00:00:00+00:00,22886.41761582365
2023-01-22 00:00:00+00:00,22833.3116163972
2023-01-23 00:00:00+00:00,22837.42718689506
2023-01-24 00:00:00+00:00,22989.457874946307
2023-01-25 00:00:00+00:00,22691.339184657587
2023-01-26 00:00:00+00:00,23081.796374034348
2023-01-27 00:00:00+00:00,22992.31765168031
2023-01-28 00:00:00+00:00,23041.141680149707
2023-01-29 00:00:00+00:00,23432.74513098286
2023-01-30 00:00:00+00:00,23339.25295372472
2023-01-31 00:00:00+00:00,22968.51980215845
2023-02-01 00:00:00+00:00,23164.972998194324
2023-02-02 00:00:00+00:00,23847.64274031691
2023-02-03 00:00:00+00:00,23488.79157662177
2023-02-04 00:00:00+00:00,23392.843704066963
2023-02-05 00:00:00+00:00,23209.348601069025
2023-02-06 00:00:00+00:00,22912.04584763624
2023-02-07 00:00:00+00:00,23017.661454675388
2023-02-08 00:00:00+00:00,23116.687467426087
2023-02-09 00:00:00+00:00,22587.65804218472
2023-02-10 00:00:00+00:00,21786.505357445923
2023-02-11 00:00:00+00:00,21719.1948889078
2023-02-12 00:00:00+00:00,21889.37675621623
2023-02-13 00:00:00+00:00,21693.175621704675
2023-02-14 00:00:00+00:00,21916.865714035768
2023-02-15 00:00:00+00:00,22629.940533748
2023-02-16 00:00:00+00:00,24616.19354841772
2023-02-17 00:00:00+00:00,23995.983072548708
2023-02-18 00:00:00+00:00,24612.204546094614
2023-02-19 00:00:00+00:00,24643.513909693287
2023-02-20 00:00:00+00:00,24664.570973082
2023-02-21 00:00:00+00:00,24699.43413528521
2023-02-22 00:00:00+00:00,24036.03903193385
2023-02-23 00:00:00+00:00,24133.74461189653
2023-02-24 00:00:00+00:00,23669.13657531369
2023-02-25 00:00:00+00:00,23054.93672228316
2023-02-26 00:00:00+00:00,23253.73938047085
2023-02-27 00:00:00+00:00,23460.485532043207
2023-02-28 00:00:00+00:00,23379.49532054036
2023-03-01 00:00:00+00:00,23604.032148913506
2023-03-02 00:00:00+00:00,23437.540401946044
2023-03-03 00:00:00+00:00,22457.68403957032
2023-03-04 00:00:00+00:00,22343.42955493706
2023-03-05 00:00:00+00:00,22432.495889744063
2023-03-06 00:00:00+00:00,22431.82204295643
2023-03-07 00:00:00+00:00,22355.921404127832
2023-03-08 00:00:00+00:00,22081.919795112248
2023-03-09 00:00:00+00:00,21455.31462552316
2023-03-10 00:00:00+00:00,19995.00545969552
2023-03-11 00:00:00+00:00,20258.42187256559
2023-03-12 00:00:00+00:00,20652.88779384437
2023-03-13 00:00:00+00:00,22989.189939003933
2023-03-14 00:00:00+00:00,24844.87076101627
2023-03-15 00:00:00+00:00,24730.817950675104
2023-03-16 00:00:00+00:00,24797.808104227803
2023-03-17 00:00:00+00:00,26395.556930728955
2023-03-18 00:00:00+00:00,27507.411891321022
2023-03-19 00:00:00+00:00,27570.616980650844
2023-03-20 00:00:00+00:00,28059.64898826891
2023-03-21 00:00:00+00:00,28153.01914588153
2023-03-22 00:00:00+00:00,28215.06088195372
2023-03-23 00:00:00+00:00,27944.353577611808
2023-03-24 00:00:00+00:00,28136.62139691641
2023-03-25 00:00:00+00:00,27663.810360546613
2023-03-26 00:00:00+00:00,27837.685307838667
2023-03-27 00:00:00+00:00,27611.21849453589
2023-03-28 00:00:00+00:00,27068.971921925564
2023-03-29 00:00:00+00:00,28079.24720292859
2023-03-30 00:00:00+00:00,28418.55291299448
2023-03-31 00:00:00+00:00,28228.77919191041
2023-04-01 00:00:00+00:00,28490.910901141844
2023-04-02 00:00:00+00:00,28339.352477892746
2023-04-03 00:00:00+00:00,28020.84209334517
2023-04-04 00:00:00+00:00,28091.15978469224
2023-04-05 00:00:00+00:00,28367.21674251796
2023-04-06 00:00:00+00:00,28024.062296181208
2023-04-07 00:00:00+00:00,27955.870255488164
2023-04-08 00:00:00+00:00,28017.12261553108
2023-04-09 00:00:00+00:00,28035.38374735989
2023-04-10 00:00:00+00:00,28593.627033438937
2023-04-11 00:00:00+00:00,30112.54047127729
2023-04-12 00:00:00+00:00,30032.673105306963
2023-04-13 00:00:00+00:00,30247.3380012235
2023-04-14 00:00:00+00:00,30623.3450332619
2023-04-15 00:00:00+00:00,30407.673336176
2023-04-16 00:00:00+00:00,30336.33193986756
2023-04-17 00:00:00+00:00,29728.445817304186
2023-04-18 00:00:00+00:00,29938.80848363646
2023-04-19 00:00:00+00:00,29626.188818797888
2023-04-20 00:00:00+00:00,28687.818719780003
2023-04-21 00:00:00+00:00,27981.24494900672
2023-04-22 00:00:00+00:00,27431.54792423065
2023-04-23 00:00:00+00:00,27599.50604560507
2023-04-24 00:00:00+00:00,27498.567450233168
2023-04-25 00:00:00+00:00,27502.68330988673
2023-04-26 00:00:00+00:00,28842.521607560902
2023-04-27 00:00:00+00:00,29120.281127395167
2023-04-28 00:00:00+00:00,29340.21675571008
2023-04-29 00:00:00+00:00,29317.350076954364
2023-04-30 00:00:00+00:00,29357.88968641457
2023-05-01 00:00:00+00:00,28480.558049390413
2023-05-02 00:00:00+00:00,28262.56373309206
2023-05-03 00:00:00+00:00,28557.74170694057
2023-05-04 00:00:00+00:00,29000.2176142898
2023-05-05 00:00:00+00:00,29266.532725230736
2023-05-06 00:00:00+00:00,29163.48553854833
2023-05-07 00:00:00+00:00,28925.256802964024
2023-05-08 00:00:00+00:00,27981.957034127743
2023-05-09 00:00:00+00:00,27618.269797484667
2023-05-10 00:00:00+00:00,27756.5518223526
2023-05-11 00:00:00+00:00,27310.887671586228
2023-05-12 00:00:00+00:00,26527.090967758664
2023-05-13 00:00:00+00:00,26836.218403900228
2023-05-14 00:00:00+00:00,26875.254631950967
2023-05-15 00:00:00+00:00,27330.30000303278
2023-05-16 00:00:00+00:00,27073.65465283544
2023-05-17 00:00:00+00:00,27005.68885859804
2023-05-18 00:00:00+00:00,27176.47410735562
2023-05-19 00:00:00+00:00,26865.693025325567
2023-05-20 00:00:00+00:00,26929.759473640388
2023-05-21 00:00:00+00:00,27000.25658133644
2023-05-22 00:00:00+00:00,26819.056217907524
2023-05-23 00:00:00+00:00,27226.16985372264
2023-05-24 00:00:00+00:00,26639.49752637088
2023-05-25 00:00:00+00:00,26289.178692498976
2023-05-26 00:00:00+00:00,26567.07754552837
2023-05-27 00:00:00+00:00,26726.53771378793
2023-05-28 00:00:00+00:00,27277.28900341094
2023-05-29 00:00:00+00:00,27868.981379808367
2023-05-30 00:00:00+00:00,27787.90102913672
2023-05-31 00:00:00+00:00,27233.374457006023
2023-06-01 00:00:00+00:00,26908.01411678296
2023-06-02 00:00:00+00:00,27069.25400569745
2023-06-03 00:00:00+00:00,27160.306632120035
2023-06-04 00:00:00+00:00,27165.63751069074
2023-06-05 00:00:00+00:00,26489.64135096304
2023-06-06 00:00:00+00:00,26084.770202842472
2023-06-07 00:00:00+00:00,26710.184982126422
2023-06-08 00:00:00+00:00,26480.027766206465
2023-06-09 00:00:00+00:00,26520.34089694939
2023-06-10 00:00:00+00:00,25860.186279005244
2023-06-11 00:00:00+00:00,25847.152206102328
2023-06-12 00:00:00+00:00,25866.83689177355
2023-06-13 00:00:00+00:00,25987.08072088002
2023-06-14 00:00:00+00:00,25842.033086555948
2023-06-15 00:00:00+00:00,25086.281303588115
2023-06-16 00:00:00+00:00,25736.260712358253
2023-06-17 00:00:00+00:00,26472.81673808458
2023-06-18 00:00:00+00:00,26518.049178226425
2023-06-19 00:00:00+00:00,26500.91424007641
2023-06-20 00:00:00+00:00,27159.35071912175
2023-06-21 00:00:00+00:00,29254.56541201678
2023-06-22 00:00:00+00:00,30113.412254776344
2023-06-23 00:00:00+00:00,30323.616092911223
2023-06-24 00:00:00+00:00,30632.6794860112
2023-06-25 00:00:00+00:00,30632.19014144784
2023-06-26 00:00:00+00:00,30299.5332134402
2023-06-27 00:00:00+00:00,30535.675810720204
2023-06-28 00:00:00+00:00,30322.31541577033
2023-06-29 00:00:00+00:00,30396.739159906505
2023-06-30 00:00:00+00:00,30556.18870794232
2023-07-01 00:00:00+00:00,30508.374394358387
2023-07-02 00:00:00+00:00,30536.077719076824
2023-07-03 00:00:00+00:00,30808.21575076213
2023-07-04 00:00:00+00:00,30999.198994865408
2023-07-05 00:00:00+00:00,30605.39515044705
2023-07-06 00:00:00+00:00,30535.080724045303
2023-07-07 00:00:00+00:00,30192.94309589053
2023-07-08 00:00:00+00:00,30232.32475581834
2023-07-09 00:00:00+00:00,30284.066239390737
2023-07-10 00:00:00+00:00,30266.38164105275
2023-07-11 00:00:00+00:00,30500.670861124567
2023-07-12 00:00:00+00:00,30586.74541694364
2023-07-13 00:00:00+00:00,30701.93257804848
2023-07-14 00:00:00+00:00,31056.56129696497
2023-07-15 00:00:00+00:00,30325.53650777933
2023-07-16 00:00:00+00:00,30304.767910001447
2023-07-17 00:00:00+00:00,30185.74124586548
2023-07-18 00:00:00+00:00,29952.8768242476
2023-07-19 00:00:00+00:00,29995.29803404757
2023-07-20 00:00:00+00:00,29994.29364174052
2023-07-21 00:00:00+00:00,29849.982725893995
2023-07-22 00:00:00+00:00,29887.78918913781
2023-07-23 00:00:00+00:00,29935.70503171792
2023-07-24 00:00:00+00:00,29451.05136033261
2023-07-25 00:00:00+00:00,29173.00383844784
2023-07-26 00:00:00+00:00,29273.482668948767
2023-07-27 00:00:00+00:00,29360.791456263472
2023-07-28 00:00:00+00:00,29262.93263922328
2023-07-29 00:00:00+00:00,29324.89419544271
2023-07-30 00:00:00+00:00,29296.31589242663
2023-07-31 00:00:00+00:00,29335.64693554553
2023-08-01 00:00:00+00:00,29003.15290417398
2023-08-02 00:00:00+00:00,29440.01719112447
2023-08-03 00:00:00+00:00,29175.612103670413
2023-08-04 00:00:00+00:00,29143.71749984067
2023-08-05 00:00:00+00:00,29030.09614042169
2023-08-06 00:00:00+00:00,29032.34751723364
2023-08-07 00:00:00+00:00,29046.16065249169
2023-08-08 00:00:00+00:00,29412.12531539269
2023-08-09 00:00:00+00:00,29710.8382460826
2023-08-10 00:00:00+00:00,29497.81577265932
2023-08-11 00:00:00+00:00,29384.12643489392
2023-08-12 00:00:00+00:00,29403.534540644785
2023-08-13 00:00:00+00:00,29380.91708645484
2023-08-14 00:00:00+00:00,29379.53126662139
2023-08-15 00:00:00+00:00,29319.590075570275
2023-08-16 00:00:00+00:00,29111.019964377305
2023-08-17 00:00:00+00:00,28196.09644680236
2023-08-18 00:00:00+00:00,26328.93135879461
2023-08-19 00:00:00+00:00,26002.241417653608
2023-08-20 00:00:00+00:00,26121.34197731702
2023-08-21 00:00:00+00:00,26068.007570871192
2023-08-22 00:00:00+00:00,25977.99624565021
2023-08-23 00:00:00+00:00,26158.73701631851
2023-08-24 00:00:00+00:00,26289.876727805226
2023-08-25 00:00:00+00:00,26038.353006499467
2023-08-26 00:00:00+00:00,26034.23342612856
2023-08-27 00:00:00+00:00,26054.72530112113
2023-08-28 00:00:00+00:00,26021.2904965871
2023-08-29 00:00:00+00:00,26654.01790275092
2023-08-30 00:00:00+00:00,27365.337158562004
2023-08-31 00:00:00+00:00,26906.244839608706
2023-09-01 00:00:00+00:00,25897.258608518063
2023-09-02 00:00:00+00:00,25812.48985179146
2023-09-03 00:00:00+00:00,25911.38734400603
2023-09-04 00:00:00+00:00,25893.026470288107
2023-09-05 00:00:00+00:00,25729.624016885613
2023-09-06 00:00:00+00:00,25712.85907026644
2023-09-07 00:00:00+00:00,25817.035179342314
2023-09-08 00:00:00+00:00,26027.96648833679
2023-09-09 00:00:00+00:00,25865.45842012464
2023-09-10 00:00:00+00:00,25815.887658406748
2023-09-11 00:00:00+00:00,25508.70350000377
2023-09-12 00:00:00+00:00,25854.52231329996
2023-09-13 00:00:00+00:00,26067.83887434191
2023-09-14 00:00:00+00:00,26433.70529378264
2023-09-15 00:00:00+00:00,26504.76145761741
2023-09-16 00:00:00+00:00,26563.854508432138
2023-09-17 00:00:00+00:00,26532.160580497195
2023-09-18 00:00:00+00:00,26860.9166506906
2023-09-19 00:00:00+00:00,27032.20537643796
2023-09-20 00:00:00+00:00,27128.12347281573
2023-09-21 00:00:00+00:00,26790.51263225582
2023-09-22 00:00:00+00:00,26610.101072688904
2023-09-23 00:00:00+00:00,26575.153341966023
2023-09-24 00:00:00+00:00,26568.840606465263
2023-09-25 00:00:00+00:00,26195.94337644204
2023-09-26 00:00:00+00:00,26240.90407039977
2023-09-27 00:00:00+00:00,26308.982719994336
2023-09-28 00:00:00+00:00,26646.737316992312
2023-09-29 00:00:00+00:00,26963.74919187857
2023-09-30 00:00:00+00:00,26965.5823212226
2023-10-01 00:00:00+00:00,27142.22703636028
2023-10-02 00:00:00+00:00,28054.558251119204
2023-10-03 00:00:00+00:00,27489.546733642
2023-10-04 00:00:00+00:00,27502.622497237346
2023-10-05 00:00:00+00:00,27656.41608297093
2023-10-06 00:00:00+00:00,27695.043058870026
2023-10-07 00:00:00+00:00,27943.640581767275
2023-10-08 00:00:00+00:00,27932.615670986663
2023-10-09 00:00:00+00:00,27682.515934302643
2023-10-10 00:00:00+00:00,27532.59036007464
2023-10-11 00:00:00+00:00,27035.81247578368
2023-10-12 00:00:00+00:00,26768.13433910416
2023-10-13 00:00:00+00:00,26795.715861911067
2023-10-14 00:00:00+00:00,26880.01299576008
2023-10-15 00:00:00+00:00,26931.935956974583
2023-10-16 00:00:00+00:00,27872.66485878076
2023-10-17 00:00:00+00:00,28405.211964950297
2023-10-18 00:00:00+00:00,28409.24359554397
2023-10-19 00:00:00+00:00,28483.25519606583
2023-10-20 00:00:00+00:00,29414.375355945227
2023-10-21 00:00:00+00:00,29809.79199961055
2023-10-22 00:00:00+00:00,29922.062066182887
2023-10-23 00:00:00+00:00,30870.427511164347
2023-10-24 00:00:00+00:00,34081.97279646258
2023-10-25 00:00:00+00:00,34315.72346174024
2023-10-26 00:00:00+00:00,34334.071720263346
2023-10-27 00:00:00+00:00,33971.47382731892
2023-10-28 00:00:00+00:00,34084.86597306274
2023-10-29 00:00:00+00:00,34309.62930259237
2023-10-30 00:00:00+00:00,34459.231300975625
2023-10-31 00:00:00+00:00,34393.42589952298
2023-11-01 00:00:00+00:00,34562.86611372975
2023-11-02 00:00:00+00:00,35186.36058529103
2023-11-03 00:00:00+00:00,34528.09399345451
2023-11-04 00:00:00+00:00,34765.753527175075
2023-11-05 00:00:00+00:00,35052.3549840592
2023-11-06 00:00:00+00:00,35021.74818063397
2023-11-07 00:00:00+00:00,34988.61520792628
2023-11-08 00:00:00+00:00,35403.590402382695
2023-11-09 00:00:00+00:00,36610.33036849668
2023-11-10 00:00:00+00:00,36936.77896666501
2023-11-11 00:00:00+00:00,37099.53564251823
2023-11-12 00:00:00+00:00,37093.51002555009
2023-11-13 00:00:00+00:00,36898.52424944698
2023-11-14 00:00:00+00:00,36242.07129421912
2023-11-15 00:00:00+00:00,36217.57237938389
2023-11-16 00:00:00+00:00,36992.10971217416
2023-11-17 00:00:00+00:00,36351.05885169268
2023-11-18 00:00:00+00:00,36508.24901239124
2023-11-19 00:00:00+00:00,36633.10595182447
2023-11-20 00:00:00+00:00,37323.07374156789
2023-11-21 00:00:00+00:00,37177.577838601246
2023-11-22 00:00:00+00:00,36625.94815809261
2023-11-23 00:00:00+00:00,37316.419506260885
2023-11-24 00:00:00+00:00,37622.7547951794
2023-11-25 00:00:00+00:00,37775.468950680806
2023-11-26 00:00:00+00:00,37613.51464409657
2023-11-27 00:00:00+00:00,37154.51630627381
2023-11-28 00:00:00+00:00,37438.94536509935
2023-11-29 00:00:00+00:00,37965.61844402819
2023-11-30 00:00:00+00:00,37787.8837889998
2023-12-01 00:00:00+00:00,38396.3870144765
2023-12-02 00:00:00+00:00,38897.0218987331
2023-12-03 00:00:00+00:00,39545.10607546367
2023-12-04 00:00:00+00:00,41386.418380769646
2023-12-05 00:00:00+00:00,42364.39048711272
2023-12-06 00:00:00+00:00,43884.945184118325
2023-12-07 00:00:00+00:00,43569.74304740082
2023-12-08 00:00:00+00:00,43637.83420951731
2023-12-09 00:00:00+00:00,44037.04872696558
2023-12-10 00:00:00+00:00,43825.63203508256
2023-12-11 00:00:00+00:00,42017.18145077975
2023-12-12 00:00:00+00:00,41520.69888287647
2023-12-13 00:00:00+00:00,41566.94415166353
2023-12-14 00:00:00+00:00,42859.44683692318
2023-12-15 00:00:00+00:00,42481.42603758607
2023-12-16 00:00:00+00:00,42260.66886094575
2023-12-17 00:00:00+00:00,41925.141137238206
2023-12-18 00:00:00+00:00,41362.76241191032
2023-12-19 00:00:00+00:00,42715.49156466437
2023-12-20 00:00:00+00:00,43145.62406028883
2023-12-21 00:00:00+00:00,43717.589855146914
2023-12-22 00:00:00+00:00,43811.59129931054
2023-12-23 00:00:00+00:00,43713.28484253134
2023-12-24 00:00:00+00:00,43656.43178702964
2023-12-25 00:00:00+00:00,43321.31354877279
2023-12-26 00:00:00+00:00,42728.53498869798
2023-12-27 00:00:00+00:00,42810.253563371385
2023-12-28 00:00:00+00:00,42956.42680743145
2023-12-29 00:00:00+00:00,42436.4489100069
2023-12-30 00:00:00+00:00,42100.084287314
2023-12-31 00:00:00+00:00,42429.77376013616
2024-01-01 00:00:00+00:00,42754.56988697976
2024-01-02 00:00:00+00:00,45238.75222878408
2024-01-03 00:00:00+00:00,43996.32452241811
2024-01-04 00:00:00+00:00,43468.071715984806
2024-01-05 00:00:00+00:00,43778.95784125684
2024-01-06 00:00:00+00:00,43850.62846583957
2024-01-07 00:00:00+00:00,44082.94267447208
2024-01-08 00:00:00+00:00,44791.5593202402
2024-01-09 00:00:00+00:00,46655.55443770224
2024-01-10 00:00:00+00:00,45827.08026340185
2024-01-11 00:00:00+00:00,46597.26086879749
2024-01-12 00:00:00+00:00,45180.53069488189
2024-01-13 00:00:00+00:00,42861.65065969789
2024-01-14 00:00:00+00:00,42782.271803856645
2024-01-15 00:00:00+00:00,42565.62943502979
2024-01-16 00:00:00+00:00,42900.27729265093
2024-01-17 00:00:00+00:00,42711.34491363164
2024-01-18 00:00:00+00:00,42238.36518566275
2024-01-19 00:00:00+00:00,41279.93304437824
2024-01-20 00:00:00+00:00,41592.307017568906
2024-01-21 00:00:00+00:00,41666.67895786728
2024-01-22 00:00:00+00:00,40755.18067572979
2024-01-23 00:00:00+00:00,39377.3102905996
2024-01-24 00:00:00+00:00,39899.23443982456
2024-01-25 00:00:00+00:00,39939.4679073435
2024-01-26 00:00:00+00:00,40871.64525789083
2024-01-27 00:00:00+00:00,41808.17497437742
2024-01-28 00:00:00+00:00,42252.86015314441
2024-01-29 00:00:00+00:00,42431.89288028296
2024-01-30 00:00:00+00:00,43418.39185126319
2024-01-31 00:00:00+00:00,42920.68213862702
2024-02-01 00:00:00+00:00,42421.48831258111
2024-02-02 00:00:00+00:00,43024.25131068908
2024-02-03 00:00:00+00:00,43088.41608642114
2024-02-04 00:00:00+00:00,42880.09776764826
2024-02-05 00:00:00+00:00,42752.22932854234
2024-02-06 00:00:00+00:00,42904.59387881691
2024-02-07 00:00:00+00:00,43205.03009524418
2024-02-08 00:00:00+00:00,44854.17345720267
2024-02-09 00:00:00+00:00,46730.52687447535
2024-02-10 00:00:00+00:00,47346.164168301264
2024-02-11 00:00:00+00:00,48140.073732599856
2024-02-12 00:00:00+00:00,48728.47026902655
2024-02-13 00:00:00+00:00,49630.84967519159
2024-02-14 00:00:00+00:00,50845.33704518669
2024-02-15 00:00:00+00:00,52100.40362613398
2024-02-16 00:00:00+00:00,52028.33322083661
2024-02-17 00:00:00+00:00,51656.5962125749
2024-02-18 00:00:00+00:00,51728.93572902028
2024-02-19 00:00:00+00:00,52115.56940540723
2024-02-20 00:00:00+00:00,51888.10719153224
2024-02-21 00:00:00+00:00,51474.83727185155
2024-02-22 00:00:00+00:00,51589.81123686188
2024-02-23 00:00:00+00:00,51092.48312624098
2024-02-24 00:00:00+00:00,51135.73569690649
2024-02-25 00:00:00+00:00,51626.336929997335
2024-02-26 00:00:00+00:00,52255.83419900204
2024-02-27 00:00:00+00:00,56400.79096349183
2024-02-28 00:00:00+00:00,59233.62781772161
2024-02-29 00:00:00+00:00,62155.0310244268
2024-03-01 00:00:00+00:00,61833.60588236263
2024-03-02 00:00:00+00:00,62043.42596673914
2024-03-03 00:00:00+00:00,62185.9574120768
2024-03-04 00:00:00+00:00,65242.81408606099
2024-03-05 00:00:00+00:00,66316.44216093716
2024-03-06 00:00:00+00:00,65878.21578064722
2024-03-07 00:00:00+00:00,66792.15999770541
2024-03-08 00:00:00+00:00,67797.32680288045
2024-03-09 00:00:00+00:00,68398.10261726101
2024-03-10 00:00:00+00:00,69372.9169659822
2024-03-11 00:00:00+00:00,70862.9456082674
2024-03-12 00:00:00+00:00,71732.22102729748
2024-03-13 00:00:00+00:00,72665.35088222561
2024-03-14 00:00:00+00:00,72187.61101324079
2024-03-15 00:00:00+00:00,68611.40866889992
2024-03-16 00:00:00+00:00,68241.70502745429
2024-03-17 00:00:00+00:00,66937.34439283087
2024-03-18 00:00:00+00:00,67716.64709809139
2024-03-19 00:00:00+00:00,64504.47814351358
2024-03-20 00:00:00+00:00,63689.2753647171
2024-03-21 00:00:00+00:00,66681.84642668704
2024-03-22 00:00:00+00:00,64683.20078785752
2024-03-23 00:00:00+00:00,64560.73588976223
2024-03-24 00:00:00+00:00,65169.75054615943
2024-03-25 00:00:00+00:00,68294.84071424541
2024-03-26 00:00:00+00:00,70332.33628903447
2024-03-27 00:00:00+00:00,69764.20086623615
2024-03-28 00:00:00+00:00,70387.23953642756
2024-03-29 00:00:00+00:00,70041.87896522108
2024-03-30 00:00:00+00:00,70009.91333976157
2024-03-31 00:00:00+00:00,70381.52066039862
2024-04-01 00:00:00+00:00,69711.3220302552
2024-04-02 00:00:00+00:00,66425.45376291116
2024-04-03 00:00:00+00:00,66040.22306351477
2024-04-04 00:00:00+00:00,66887.79384052647
2024-04-05 00:00:00+00:00,67564.38939916603
2024-04-06 00:00:00+00:00,68041.70154208984
2024-04-07 00:00:00+00:00,69384.26160452909
2024-04-08 00:00:00+00:00,71048.94243681572
2024-04-09 00:00:00+00:00,70196.93525230042
2024-04-10 00:00:00+00:00,69171.13927106762
2024-04-11 00:00:00+00:00,70446.04869462574
2024-04-12 00:00:00+00:00,69564.41200278942
2024-04-13 00:00:00+00:00,66603.72097303196
2024-04-14 00:00:00+00:00,64182.5100403951
2024-04-15 00:00:00+00:00,65056.04791184291
2024-04-16 00:00:00+00:00,62984.98462364467
2024-04-17 00:00:00+00:00,62590.96292158063
2024-04-18 00:00:00+00:00,62342.638400153286
2024-04-19 00:00:00+00:00,63831.95219912552
2024-04-20 00:00:00+00:00,64197.33126424878
2024-04-21 00:00:00+00:00,64959.632943347526
2024-04-22 00:00:00+00:00,65990.02379759964
2024-04-23 00:00:00+00:00,66486.61368006935
2024-04-24 00:00:00+00:00,65768.03860795723
2024-04-25 00:00:00+00:00,64166.072501280265
2024-04-26 00:00:00+00:00,64170.80057825606
2024-04-27 00:00:00+00:00,63059.59630321528
2024-04-28 00:00:00+00:00,63688.593373436684
2024-04-29 00:00:00+00:00,62740.45859685215
2024-04-30 00:00:00+00:00,61821.35845396117
2024-05-01 00:00:00+00:00,58339.74156758877
2024-05-02 00:00:00+00:00,58317.39153004363
2024-05-03 00:00:00+00:00,60528.63060193261
2024-05-04 00:00:00+00:00,63442.87294571322
2024-05-05 00:00:00+00:00,63746.9856617618
2024-05-06 00:00:00+00:00,63896.79626441889
2024-05-07 00:00:00+00:00,63509.59567403019
2024-05-08 00:00:00+00:00,62321.12225880102
2024-05-09 00:00:00+00:00,61692.82362103069
2024-05-10 00:00:00+00:00,62169.78557982598
2024-05-11 00:00:00+00:00,60907.4658121026
2024-05-12 00:00:00+00:00,61116.58180575222
2024-05-13 00:00:00+00:00,62307.59519476534
2024-05-14 00:00:00+00:00,61947.96496238993
2024-05-15 00:00:00+00:00,63443.227833497
2024-05-16 00:00:00+00:00,65832.82718797096
2024-05-17 00:00:00+00:00,66265.5365149133
2024-05-18 00:00:00+00:00,66966.22073024047
2024-05-19 00:00:00+00:00,66884.96526986775
2024-05-20 00:00:00+00:00,67506.84620792928
2024-05-21 00:00:00+00:00,70613.885911329
2024-05-22 00:00:00+00:00,69851.81506226205
2024-05-23 00:00:00+00:00,68747.2817307581
2024-05-24 00:00:00+00:00,67923.59418817164
2024-05-25 00:00:00+00:00,68923.77160466522
2024-05-26 00:00:00+00:00,68978.43734696675
2024-05-27 00:00:00+00:00,69100.72885728655
2024-05-28 00:00:00+00:00,68202.74454513456
2024-05-29 00:00:00+00:00,67919.77050763673
2024-05-30 00:00:00+00:00,68165.5598465099
2024-05-31 00:00:00+00:00,67970.86538847857
2024-06-01 00:00:00+00:00,67645.16697461005
2024-06-02 00:00:00+00:00,67813.04684063165
2024-06-03 00:00:00+00:00,68900.24942750209
2024-06-04 00:00:00+00:00,69586.5460267914
2024-06-05 00:00:00+00:00,71039.70928487879
2024-06-06 00:00:00+00:00,70998.84050372703
2024-06-07 00:00:00+00:00,70670.01148727423
2024-06-08 00:00:00+00:00,69382.71106607503
2024-06-09 00:00:00+00:00,69453.40527144838
2024-06-10 00:00:00+00:00,69574.70057904483
2024-06-11 00:00:00+00:00,67514.7463340081
2024-06-12 00:00:00+00:00,68158.83868178735
2024-06-13 00:00:00+00:00,67391.9319072872
2024-06-14 00:00:00+00:00,66490.20265886998
2024-06-15 00:00:00+00:00,66172.8427215911
2024-06-16 00:00:00+00:00,66398.00102091995
2024-06-17 00:00:00+00:00,66155.12943654886
2024-06-18 00:00:00+00:00,65215.09538300129
2024-06-19 00:00:00+00:00,65161.74147911195
2024-06-20 00:00:00+00:00,65266.69339610695
2024-06-21 00:00:00+00:00,64171.35364713648
2024-06-22 00:00:00+00:00,64266.546295535365
2024-06-23 00:00:00+00:00,64202.06290801278
2024-06-24 00:00:00+00:00,61490.160329555576
2024-06-25 00:00:00+00:00,61272.513458779176
2024-06-26 00:00:00+00:00,61449.21749199048
2024-06-27 00:00:00+00:00,61242.83659210339
2024-06-28 00:00:00+00:00,61143.44903999079
2024-06-29 00:00:00+00:00,60837.894364754815
2024-06-30 00:00:00+00:00,61401.99227093003
2024-07-01 00:00:00+00:00,63069.503840336605
2024-07-02 00:00:00+00:00,62478.677555476606
2024-07-03 00:00:00+00:00,60558.7324262453
2024-07-04 00:00:00+00:00,58325.957306313554
2024-07-05 00:00:00+00:00,55743.55847255053
2024-07-06 00:00:00+00:00,57027.00021735722
2024-07-07 00:00:00+00:00,57425.0643675628
2024-07-08 00:00:00+00:00,56195.935056583374
2024-07-09 00:00:00+00:00,57371.78211592144
2024-07-10 00:00:00+00:00,58120.47264105494
2024-07-11 00:00:00+00:00,57927.81086127691
2024-07-12 00:00:00+00:00,57450.21570821669
2024-07-13 00:00:00+00:00,58396.91404443887
2024-07-14 00:00:00+00:00,60018.2291704053
2024-07-15 00:00:00+00:00,62819.482024592064
2024-07-16 00:00:00+00:00,64169.4270022932
2024-07-17 00:00:00+00:00,65045.360538812645
2024-07-18 00:00:00+00:00,64334.81590328813
2024-07-19 00:00:00+00:00,65023.95151050878
2024-07-20 00:00:00+00:00,66777.0734557747
2024-07-21 00:00:00+00:00,67154.3506833694
2024-07-22 00:00:00+00:00,67571.55738680602
2024-07-23 00:00:00+00:00,66646.77607299808
2024-07-24 00:00:00+00:00,66065.09466243735
2024-07-25 00:00:00+00:00,64605.32427053972
2024-07-26 00:00:00+00:00,67286.26921180642
2024-07-27 00:00:00+00:00,68302.13537784493
2024-07-28 00:00:00+00:00,67808.9076613231
2024-07-29 00:00:00+00:00,68604.58964442728
2024-07-30 00:00:00+00:00,66384.82845760796
2024-07-31 00:00:00+00:00,65971.89789321063
2024-08-01 00:00:00+00:00,64144.738560299294
2024-08-02 00:00:00+00:00,63807.83400122376
2024-08-03 00:00:00+00:00,61268.71193314903
2024-08-04 00:00:00+00:00,60005.84604971494
2024-08-05 00:00:00+00:00,53549.309205905454
2024-08-06 00:00:00+00:00,55915.82761766433
2024-08-07 00:00:00+00:00,56372.99583208986
2024-08-08 00:00:00+00:00,58094.341233258594
2024-08-09 00:00:00+00:00,60751.62699338791
2024-08-10 00:00:00+00:00,60746.35389815439
2024-08-11 00:00:00+00:00,60440.42543582601
2024-08-12 00:00:00+00:00,59008.30150590142
2024-08-13 00:00:00+00:00,59719.10394810304
2024-08-14 00:00:00+00:00,60144.105569724845
2024-08-15 00:00:00+00:00,58368.69099346603
2024-08-16 00:00:00+00:00,58458.84572163785
2024-08-17 00:00:00+00:00,59299.71484287202
2024-08-18 00:00:00+00:00,59706.265835638485
2024-08-19 00:00:00+00:00,58633.60795621122
2024-08-20 00:00:00+00:00,60122.42486134975
2024-08-21 00:00:00+00:00,59823.397512250645
2024-08-22 00:00:00+00:00,60725.84290838472
2024-08-23 00:00:00+00:00,61703.073676125954
2024-08-24 00:00:00+00:00,64115.21381680158
2024-08-25 00:00:00+00:00,64160.54293686932
2024-08-26 00:00:00+00:00,63703.61873206187
2024-08-27 00:00:00+00:00,62151.73342703856
2024-08-28 00:00:00+00:00,59338.300684392925
2024-08-29 00:00:00+00:00,59683.51633661423
2024-08-30 00:00:00+00:00,59147.96359486628
2024-08-31 00:00:00+00:00,59084.16895998355
2024-09-01 00:00:00+00:00,58229.481149697385
2024-09-02 00:00:00+00:00,58207.971019845696
2024-09-03 00:00:00+00:00,58649.35588288965
2024-09-04 00:00:00+00:00,57153.84522547051
2024-09-05 00:00:00+00:00,56856.89163151301
2024-09-06 00:00:00+00:00,55324.996213375496
2024-09-07 00:00:00+00:00,54226.69497067121
2024-09-08 00:00:00+00:00,54362.02814100927
2024-09-09 00:00:00+00:00,55683.49830051238
2024-09-10 00:00:00+00:00,57117.663363118656
2024-09-11 00:00:00+00:00,56939.04650114791
2024-09-12 00:00:00+00:00,58027.799536359336
2024-09-13 00:00:00+00:00,58643.557336865655
2024-09-14 00:00:00+00:00,60052.8249240324
2024-09-15 00:00:00+00:00,59991.14358377446
2024-09-16 00:00:00+00:00,58388.84389246089
2024-09-17 00:00:00+00:00,59350.64782314178
2024-09-18 00:00:00+00:00,60130.62238972244
2024-09-19 00:00:00+00:00,62644.01484351805
2024-09-20 00:00:00+00:00,63216.95588943324
2024-09-21 00:00:00+00:00,63098.979419477335
2024-09-22 00:00:00+00:00,62977.96522961281
2024-09-23 00:00:00+00:00,63544.37187408639
2024-09-24 00:00:00+00:00,63550.41638434343
2024-09-25 00:00:00+00:00,63761.37920023081
2024-09-26 00:00:00+00:00,64252.50993874983
2024-09-27 00:00:00+00:00,65634.97465480205
2024-09-28 00:00:00+00:00,65771.01217508952
2024-09-29 00:00:00+00:00,65728.75718428926
2024-09-30 00:00:00+00:00,64089.07473658905
2024-10-01 00:00:00+00:00,62941.932821321774
2024-10-02 00:00:00+00:00,61290.04600694916
2024-10-03 00:00:00+00:00,60773.034676595045
2024-10-04 00:00:00+00:00,61515.99215152817
2024-10-05 00:00:00+00:00,62049.763105753525
2024-10-06 00:00:00+00:00,62261.79855851218
2024-10-07 00:00:00+00:00,63335.3683687672
2024-10-08 00:00:00+00:00,62442.7983360223
2024-10-09 00:00:00+00:00,61868.70693346431
2024-10-10 00:00:00+00:00,60510.6454933169
2024-10-11 00:00:00+00:00,61492.99876397164
2024-10-12 00:00:00+00:00,62897.148165436585
2024-10-13 00:00:00+00:00,62732.762474613286
2024-10-14 00:00:00+00:00,64721.195902781976
2024-10-15 00:00:00+00:00,66088.69196540002
2024-10-16 00:00:00+00:00,67466.25763963547
2024-10-17 00:00:00+00:00,67283.55884610537
2024-10-18 00:00:00+00:00,68072.47653156737
2024-10-19 00:00:00+00:00,68287.37741350361
2024-10-20 00:00:00+00:00,68435.25621594884
2024-10-21 00:00:00+00:00,68154.19467715018
2024-10-22 00:00:00+00:00,67307.70787514275
2024-10-23 00:00:00+00:00,66570.68669610303
2024-10-24 00:00:00+00:00,67473.6657328994
2024-10-25 00:00:00+00:00,67645.15746968288
2024-10-26 00:00:00+00:00,66908.29771680084
2024-10-27 00:00:00+00:00,67347.99392350142
2024-10-28 00:00:00+00:00,68556.24790463231
2024-10-29 00:00:00+00:00,71511.94386433491
2024-10-30 00:00:00+00:00,72227.39181826475
2024-10-31 00:00:00+00:00,71521.59345785735
2024-11-01 00:00:00+00:00,69674.68961653014
2024-11-02 00:00:00+00:00,69500.84809039782
2024-11-03 00:00:00+00:00,68517.33444198224
2024-11-04 00:00:00+00:00,68465.56569661903
2024-11-05 00:00:00+00:00,68957.90106109992
2024-11-06 00:00:00+00:00,74062.19451380645
2024-11-07 00:00:00+00:00,75405.98739476559
2024-11-08 00:00:00+00:00,76182.53920423632
2024-11-09 00:00:00+00:00,76442.82648514054
2024-11-10 00:00:00+00:00,79090.49618863588
2024-11-11 00:00:00+00:00,83055.82394047738
2024-11-12 00:00:00+00:00,88016.37370123039
2024-11-13 00:00:00+00:00,88922.44080005075
2024-11-14 00:00:00+00:00,89828.42031777982
2024-11-15 00:00:00+00:00,89091.64907795464
2024-11-16 00:00:00+00:00,91089.5500360014
2024-11-17 00:00:00+00:00,90384.3773215356
2024-11-18 00:00:00+00:00,90960.30545637892
2024-11-19 00:00:00+00:00,91979.42421897592
2024-11-20 00:00:00+00:00,93388.48498014278
2024-11-21 00:00:00+00:00,97063.86673593364
2024-11-22 00:00:00+00:00,98793.23378657296
2024-11-23 00:00:00+00:00,98450.26725105228
2024-11-24 00:00:00+00:00,97512.98426505824
2024-11-25 00:00:00+00:00,96860.682483783
2024-11-26 00:00:00+00:00,93127.26751844176
2024-11-27 00:00:00+00:00,94181.14677653609
2024-11-28 00:00:00+00:00,95442.96992999777
2024-11-29 00:00:00+00:00,96854.8775630705
2024-11-30 00:00:00+00:00,96791.38405492174
2024-12-01 00:00:00+00:00,96901.71597699323
2024-12-02 00:00:00+00:00,96140.08664307652
2024-12-03 00:00:00+00:00,95467.23686779164
2024-12-04 00:00:00+00:00,96458.6390782606
2024-12-05 00:00:00+00:00,101197.82287216408
2024-12-06 00:00:00+00:00,98945.08131155402
2024-12-07 00:00:00+00:00,99803.44166407367
2024-12-08 00:00:00+00:00,99825.745434176
2024-12-09 00:00:00+00:00,98581.00622986804
2024-12-10 00:00:00+00:00,96961.02746674004
2024-12-11 00:00:00+00:00,98736.85870843334
2024-12-12 00:00:00+00:00,100832.39115573492
2024-12-13 00:00:00+00:00,100486.4096239176
2024-12-14 00:00:00+00:00,101493.17622919832
2024-12-15 00:00:00+00:00,102446.3236848368
2024-12-16 00:00:00+00:00,105272.17261602888
2024-12-17 00:00:00+00:00,106775.7276491326
2024-12-18 00:00:00+00:00,104059.32848566916
2024-12-19 00:00:00+00:00,100325.64297277787
2024-12-20 00:00:00+00:00,96334.71702444366
2024-12-21 00:00:00+00:00,97690.1268921453
2024-12-22 00:00:00+00:00,96247.88426411751
2024-12-23 00:00:00+00:00,94679.96261929402
2024-12-24 00:00:00+00:00,95752.01161570074
2024-12-25 00:00:00+00:00,98356.92505486729
2024-12-26 00:00:00+00:00,96681.84722027332
2024-12-27 00:00:00+00:00,95513.21356616943
2024-12-28 00:00:00+00:00,94528.29175463856
2024-12-29 00:00:00+00:00,94472.144453801
2024-12-30 00:00:00+00:00,93291.30219048473
2024-12-31 00:00:00+00:00,93574.15710317672
2025-01-01 00:00:00+00:00,93829.9525053155
2025-01-02 00:00:00+00:00,96152.44065721724
2025-01-03 00:00:00+00:00,97150.7710832572
2025-01-04 00:00:00+00:00,98024.63474922204
2025-01-05 00:00:00+00:00,98059.3160709743
2025-01-06 00:00:00+00:00,100109.65701792546
2025-01-07 00:00:00+00:00,100009.2460466617
2025-01-08 00:00:00+00:00,95516.75396294706
2025-01-09 00:00:00+00:00,93510.68700847622
2025-01-10 00:00:00+00:00,94219.37914414649
2025-01-11 00:00:00+00:00,94397.3511527658
2025-01-12 00:00:00+00:00,94474.91402105712
2025-01-13 00:00:00+00:00,92925.93124673497
2025-01-14 00:00:00+00:00,95787.05075805724
2025-01-15 00:00:00+00:00,97979.0698785548
2025-01-16 00:00:00+00:00,99550.02726755325
2025-01-17 00:00:00+00:00,102668.25481958291
2025-01-18 00:00:00+00:00,103734.5472716216
2025-01-19 00:00:00+00:00,104739.99351330534
2025-01-20 00:00:00+00:00,104583.87732679084
2025-01-21 00:00:00+00:00,103693.89137855974
2025-01-22 00:00:00+00:00,104959.40432835858
2025-01-23 00:00:00+00:00,103168.6704265488
2025-01-24 00:00:00+00:00,105030.88241639908
2025-01-25 00:00:00+00:00,104702.248186344
2025-01-26 00:00:00+00:00,104854.5198877222
2025-01-27 00:00:00+00:00,100388.4473160333
2025-01-28 00:00:00+00:00,102329.73569460324
2025-01-29 00:00:00+00:00,102459.77415618372
2025-01-30 00:00:00+00:00,105116.15547470348
2025-01-31 00:00:00+00:00,104035.00025756622
2025-02-01 00:00:00+00:00,101974.9547410668
2025-02-02 00:00:00+00:00,99107.35933412488
2025-02-03 00:00:00+00:00,96866.64777808178
2025-02-04 00:00:00+00:00,99368.63468388202
2025-02-05 00:00:00+00:00,97771.20209135518
2025-02-06 00:00:00+00:00,97517.2604968468
2025-02-07 00:00:00+00:00,97338.67380747206
2025-02-08 00:00:00+00:00,96306.15208987617
2025-02-09 00:00:00+00:00,96561.10528506
2025-02-10 00:00:00+00:00,97208.73992662667
2025-02-11 00:00:00+00:00,97226.15040902529
2025-02-12 00:00:00+00:00,96228.92400591074
2025-02-13 00:00:00+00:00,96431.63656132497
2025-02-14 00:00:00+00:00,97133.98352516044
2025-02-15 00:00:00+00:00,97604.75568231556
2025-02-16 00:00:00+00:00,97240.34965349374
2025-02-17 00:00:00+00:00,96083.79954588368
2025-02-18 00:00:00+00:00,95363.12481943234
2025-02-19 00:00:00+00:00,95873.20120105369
2025-02-20 00:00:00+00:00,97415.03660912898
2025-02-21 00:00:00+00:00,97768.37823843186
2025-02-22 00:00:00+00:00,96467.25297301082
2025-02-23 00:00:00+00:00,96080.57547594432
2025-02-24 00:00:00+00:00,95123.00053664892
2025-02-25 00:00:00+00:00,89450.74450434286
2025-02-26 00:00:00+00:00,87329.249198267
2025-02-27 00:00:00+00:00,85150.79521386223
2025-02-28 00:00:00+00:00,82026.0762944313
2025-03-01 00:00:00+00:00,85085.55374903105
2025-03-02 00:00:00+00:00,88198.93037888798
2025-03-03 00:00:00+00:00,90936.3666656728
2025-03-04 00:00:00+00:00,84657.08550940566
2025-03-05 00:00:00+00:00,88660.1698833586
2025-03-06 00:00:00+00:00,90442.20526149264
2025-03-07 00:00:00+00:00,88112.80360999367
2025-03-08 00:00:00+00:00,86215.73809438046
2025-03-09 00:00:00+00:00,84423.22732456491
2025-03-10 00:00:00+00:00,80965.16208189442
2025-03-11 00:00:00+00:00,80892.741365464
2025-03-12 00:00:00+00:00,82503.19772710041
2025-03-13 00:00:00+00:00,82313.75126816415
2025-03-14 00:00:00+00:00,83079.50051715063
2025-03-15 00:00:00+00:00,84232.50774740629
2025-03-16 00:00:00+00:00,83628.6441056899
2025-03-17 00:00:00+00:00,83510.13401042063
2025-03-18 00:00:00+00:00,82553.10822003809
2025-03-19 00:00:00+00:00,83976.480031323
2025-03-20 00:00:00+00:00,85263.84677114685
2025-03-21 00:00:00+00:00,84150.63617995004
2025-03-22 00:00:00+00:00,84165.19648620859
2025-03-23 00:00:00+00:00,84611.7081600447
2025-03-24 00:00:00+00:00,87351.70280582971
2025-03-25 00:00:00+00:00,87315.07768836677
2025-03-26 00:00:00+00:00,87344.60066797632
2025-03-27 00:00:00+00:00,87218.67388337788
2025-03-28 00:00:00+00:00,85214.74541604468
2025-03-29 00:00:00+00:00,83155.58407465422
2025-03-30 00:00:00+00:00,82842.50376931786
2025-03-31 00:00:00+00:00,82333.02401430182
2025-04-01 00:00:00+00:00,84013.93438848642
2025-04-02 00:00:00+00:00,85143.01095594122
2025-04-03 00:00:00+00:00,82787.44456078489
2025-04-04 00:00:00+00:00,83401.89831063004
2025-04-05 00:00:00+00:00,83325.98405618116
2025-04-06 00:00:00+00:00,82001.40927571652
2025-04-07 00:00:00+00:00,77695.17339718214
2025-04-08 00:00:00+00:00,78764.5751467635
2025-04-09 00:00:00+00:00,78227.20253193982
2025-04-10 00:00:00+00:00,81046.76008079464
2025-04-11 00:00:00+00:00,81935.23871072991
2025-04-12 00:00:00+00:00,84059.7553491716
2025-04-13 00:00:00+00:00,84494.03911479721
2025-04-14 00:00:00+00:00,84650.12675580647
2025-04-15 00:00:00+00:00,85035.39996452969
2025-04-16 00:00:00+00:00,83992.83280493198
2025-04-17 00:00:00+00:00,84565.77895855125
2025-04-18 00:00:00+00:00,84633.45187606933
2025-04-19 00:00:00+00:00,85071.920422981
2025-04-20 00:00:00+00:00,84760.03945138013
2025-04-21 00:00:00+00:00,87215.46645955519
2025-04-22 00:00:00+00:00,89583.33284216061
2025-04-23 00:00:00+00:00,93508.02056977352
2025-04-24 00:00:00+00:00,93002.94114796244
2025-04-25 00:00:00+00:00,94246.06118469105
2025-04-26 00:00:00+00:00,94508.89385984534
2025-04-27 00:00:00+00:00,94170.93812100384
2025-04-28 00:00:00+00:00,94328.54524557048
2025-04-29 00:00:00+00:00,94891.34349061675
2025-04-30 00:00:00+00:00,94493.93694257808
2025-05-01 00:00:00+00:00,95793.5336733507
2025-05-02 00:00:00+00:00,96969.2001284528
2025-05-03 00:00:00+00:00,96346.7648095721
2025-05-04 00:00:00+00:00,95639.0960490146
2025-05-05 00:00:00+00:00,94379.85206937086
2025-05-06 00:00:00+00:00,94496.53932456247
2025-05-07 00:00:00+00:00,96804.66210702072
2025-05-08 00:00:00+00:00,99973.9482169294
2025-05-09 00:00:00+00:00,103018.6252303986
2025-05-10 00:00:00+00:00,103400.77893455816
2025-05-11 00:00:00+00:00,104180.8741726982
2025-05-12 00:00:00+00:00,103565.74795160034
2025-05-13 00:00:00+00:00,103314.40320198008
2025-05-14 00:00:00+00:00,103646.73048661312
2025-05-15 00:00:00+00:00,102829.45034557737
2025-05-16 00:00:00+00:00,103837.09821695607
2025-05-17 00:00:00+00:00,103199.50212241527
2025-05-18 00:00:00+00:00,104125.801205951
2025-05-19 00:00:00+00:00,104214.2657997465
2025-05-20 00:00:00+00:00,105705.40613280683
2025-05-21 00:00:00+00:00,107370.43181838056
2025-05-22 00:00:00+00:00,110950.19891476342
2025-05-23 00:00:00+00:00,110035.33154516296
2025-05-24 00:00:00+00:00,108455.14963727808
2025-05-25 00:00:00+00:00,107633.43375111309
2025-05-26 00:00:00+00:00,109567.1648717944
2025-05-27 00:00:00+00:00,109467.05156937391
2025-05-28 00:00:00+00:00,108331.2591188124
2025-05-29 00:00:00+00:00,107535.81697685063
2025-05-30 00:00:00+00:00,105363.14043584552
2025-05-31 00:00:00+00:00,104090.3989976358
2025-06-01 00:00:00+00:00,104606.02079791477
2025-06-02 00:00:00+00:00,104796.06876584636
2025-06-03 00:00:00+00:00,105741.85224954267
2025-06-04 00:00:00+00:00,105305.8094910842
2025-06-05 00:00:00+00:00,104121.5670153622
2025-06-06 00:00:00+00:00,103619.3506645316
2025-06-07 00:00:00+00:00,105204.4827210328
2025-06-08 00:00:00+00:00,105777.23786403876
2025-06-09 00:00:00+00:00,107103.64015194494
2025-06-10 00:00:00+00:00,109462.41090752032
2025-06-11 00:00:00+00:00,109411.2760331442
2025-06-12 00:00:00+00:00,107505.59362208909
2025-06-13 00:00:00+00:00,104901.88871165454
2025-06-14 00:00:00+00:00,105153.56668198536
2025-06-15 00:00:00+00:00,105392.3389786174
2025-06-16 00:00:00+00:00,107045.988078714
2025-06-17 00:00:00+00:00,105784.41055451348
2025-06-18 00:00:00+00:00,104750.96447131236
2025-06-19 00:00:00+00:00,104639.4759990338
2025-06-20 00:00:00+00:00,104611.16215242993
2025-06-21 00:00:00+00:00,103296.19054299704
2025-06-22 00:00:00+00:00,101348.18743453689
2025-06-23 00:00:00+00:00,101987.10778471777
2025-06-24 00:00:00+00:00,105436.11309848164
2025-06-25 00:00:00+00:00,106968.05887638238
2025-06-26 00:00:00+00:00,107482.589531897
2025-06-27 00:00:00+00:00,107085.47122664996
2025-06-28 00:00:00+00:00,107304.46919646546
2025-06-29 00:00:00+00:00,107653.83036545334
2025-06-30 00:00:00+00:00,107791.68838570472
2025-07-01 00:00:00+00:00,106529.69210158376
2025-07-02 00:00:00+00:00,107680.75222996077
2025-07-03 00:00:00+00:00,109444.1557885446
2025-07-04 00:00:00+00:00,108573.49784824502
2025-07-05 00:00:00+00:00,108126.47326337364
2025-07-06 00:00:00+00:00,108411.89328343525
2025-07-07 00:00:00+00:00,108611.31832402962
2025-07-08 00:00:00+00:00,108496.1142667092
2025-07-09 00:00:00+00:00,109322.4618603642
2025-07-10 00:00:00+00:00,112028.84636873566
2025-07-11 00:00:00+00:00,117419.41760070536
2025-07-12 00:00:00+00:00,117601.3099193994
2025-07-13 00:00:00+00:00,118228.57204890808
2025-07-14 00:00:00+00:00,120811.12252922112
2025-07-15 00:00:00+00:00,117391.4338531446
2025-07-16 00:00:00+00:00,118605.97409691736
2025-07-17 00:00:00+00:00,118741.9960737524
2025-07-18 00:00:00+00:00,118959.35497197688
2025-07-19 00:00:00+00:00,118124.08932956668
2025-07-20 00:00:00+00:00,118128.4068489744
2025-07-21 00:00:00+00:00,118109.64499333462
2025-07-22 00:00:00+00:00,118494.95707394906
2025-07-23 00:00:00+00:00,118532.45786675386
2025-07-24 00:00:00+00:00,118627.73622343368
2025-07-25 00:00:00+00:00,116309.81806025184
2025-07-26 00:00:00+00:00,117802.153275637
2025-07-27 00:00:00+00:00,118489.02503553404
2025-07-28 00:00:00+00:00,118680.15688929016
2025-07-29 00:00:00+00:00,118178.14875604944
2025-07-30 00:00:00+00:00,117801.13706169985
2025-07-31 00:00:00+00:00,118012.37733117351
2025-08-01 00:00:00+00:00,114877.79196749348
2025-08-02 00:00:00+00:00,113340.88934532084
2025-08-03 00:00:00+00:00,113769.33902451256
2025-08-04 00:00:00+00:00,114713.22428267048
2025-08-05 00:00:00+00:00,114073.05463497166
2025-08-06 00:00:00+00:00,114433.40336995476
2025-08-07 00:00:00+00:00,115841.69677460914
2025-08-08 00:00:00+00:00,116729.83228715105
2025-08-09 00:00:00+00:00,116780.7839586848
2025-08-10 00:00:00+00:00,118167.43414766714
2025-08-11 00:00:00+00:00,120351.07658695577
2025-08-12 00:00:00+00:00,119143.64695973055
2025-08-13 00:00:00+00:00,120701.340967142
2025-08-14 00:00:00+00:00,120656.43875807298
2025-08-15 00:00:00+00:00,118280.0701237488
2025-08-16 00:00:00+00:00,117658.75035805209
2025-08-17 00:00:00+00:00,117987.93561328696
2025-08-18 00:00:00+00:00,115939.56425527908
2025-08-19 00:00:00+00:00,114708.77708088885
2025-08-20 00:00:00+00:00,113685.01748731433
2025-08-21 00:00:00+00:00,113320.04973773022
2025-08-22 00:00:00+00:00,114236.897243393
2025-08-23 00:00:00+00:00,115508.3978192404
2025-08-24 00:00:00+00:00,114483.36912346318
2025-08-25 00:00:00+00:00,111890.01689361632
2025-08-26 00:00:00+00:00,110245.27255099136
2025-08-27 00:00:00+00:00,111520.21989199378
2025-08-28 00:00:00+00:00,112464.12934794692
2025-08-29 00:00:00+00:00,109905.20782548332
2025-08-30 00:00:00+00:00,108500.04613554476
2025-08-31 00:00:00+00:00,108842.44623889535
2025-09-01 00:00:00+00:00,108596.3179835392
2025-09-02 00:00:00+00:00,110365.40001767346
2025-09-03 00:00:00+00:00,111529.00298383548
2025-09-04 00:00:00+00:00,110689.34672480596
2025-09-05 00:00:00+00:00,111541.8916492214
2025-09-06 00:00:00+00:00,110633.66926390704
2025-09-07 00:00:00+00:00,110941.09216104046
2025-09-08 00:00:00+00:00,111752.37090051672
2025-09-09 00:00:00+00:00,111925.89603083576
2025-09-10 00:00:00+00:00,112674.47384315453
2025-09-11 00:00:00+00:00,114246.97675203346
2025-09-12 00:00:00+00:00,115533.61340075976
2025-09-13 00:00:00+00:00,115880.98591304588
2025-09-14 00:00:00+00:00,115791.32236379688
2025-09-15 00:00:00+00:00,115261.47877388918
2025-09-16 00:00:00+00:00,115798.25361742628
2025-09-17 00:00:00+00:00,116362.27338312304
2025-09-18 00:00:00+00:00,117282.33990493814
2025-09-19 00:00:00+00:00,116399.73967256484
2025-09-20 00:00:00+00:00,115804.83618578814
2025-09-21 00:00:00+00:00,115623.20306772878
2025-09-22 00:00:00+00:00,113208.6348297011
2025-09-23 00:00:00+00:00,112560.8103360081
2025-09-24 00:00:00+00:00,112925.17109123088
2025-09-25 00:00:00+00:00,111264.83226221507
2025-09-26 00:00:00+00:00,109427.98645454604
2025-09-27 00:00:00+00:00,109484.16886859848
2025-09-28 00:00:00+00:00,109875.40867908797
2025-09-29 00:00:00+00:00,112828.4270800872
2025-09-30 00:00:00+00:00,113780.83499883984
2025-10-01 00:00:00+00:00,116028.75300075112
2025-10-02 00:00:00+00:00,119279.50075801018
2025-10-03 00:00:00+00:00,121019.69034071195
2025-10-04 00:00:00+00:00,122144.45414614269
2025-10-05 00:00:00+00:00,123429.65544285056
2025-10-06 00:00:00+00:00,124424.45249306165
2025-10-07 00:00:00+00:00,123418.04331671732
2025-10-08 00:00:00+00:00,122482.0415495328
2025-10-09 00:00:00+00:00,121866.44688051604
2025-10-10 00:00:00+00:00,119737.14393609244
2025-10-11 00:00:00+00:00,111990.71281548154
2025-10-12 00:00:00+00:00,112380.54889336725
2025-10-13 00:00:00+00:00,115107.76605224126
2025-10-14 00:00:00+00:00,112669.95347677992
2025-10-15 00:00:00+00:00,111939.73012025324
2025-10-16 00:00:00+00:00,110224.35534894034
2025-10-17 00:00:00+00:00,106865.05911051316
2025-10-18 00:00:00+00:00,106923.13628488447
2025-10-19 00:00:00+00:00,107821.60678846342
2025-10-20 00:00:00+00:00,110456.66494256856
2025-10-21 00:00:00+00:00,109849.4155840492
2025-10-22 00:00:00+00:00,108078.0906660346
2025-10-23 00:00:00+00:00,109388.9227906197
2025-10-24 00:00:00+00:00,110800.13637317244
2025-10-25 00:00:00+00:00,111419.8836323262
2025-10-26 00:00:00+00:00,112700.84747212572
2025-10-27 00:00:00+00:00,115099.14330297634
2025-10-28 00:00:00+00:00,114269.49604361718
2025-10-29 00:00:00+00:00,112395.125269261
2025-10-30 00:00:00+00:00,109137.7463197962
2025-10-31 00:00:00+00:00,109622.15666626747
2025-11-01 00:00:00+00:00,110032.04089972966
2025-11-02 00:00:00+00:00,110307.0601195314
2025-11-03 00:00:00+00:00,107700.37532576102
2025-11-04 00:00:00+00:00,103867.9117696047
2025-11-05 00:00:00+00:00,102548.85364062486
2025-11-06 00:00:00+00:00,102628.08295183675
2025-11-07 00:00:00+00:00,101663.7446094232
2025-11-08 00:00:00+00:00,102269.21586450643
2025-11-09 00:00:00+00:00,102767.18911539076
2025-11-10 00:00:00+00:00,105832.86236966756
2025-11-11 00:00:00+00:00,104635.59282512116
2025-11-12 00:00:00+00:00,103119.53770304784
2025-11-13 00:00:00+00:00,101555.63542732276
2025-11-14 00:00:00+00:00,96820.76966753392
2025-11-15 00:00:00+00:00,95792.69133761432
2025-11-16 00:00:00+00:00,95206.6742943817
2025-11-17 00:00:00+00:00,94247.92965842148
2025-11-18 00:00:00+00:00,91684.98430457075
2025-11-19 00:00:00+00:00,90963.00201521542
2025-11-20 00:00:00+00:00,90453.80957945234
2025-11-21 00:00:00+00:00,84618.58608785736
2025-11-22 00:00:00+00:00,84378.82727720604
2025-11-23 00:00:00+00:00,86472.87087326591
2025-11-24 00:00:00+00:00,87167.94818519083
2025-11-25 00:00:00+00:00,87439.99720795044
2025-11-26 00:00:00+00:00,87980.28465797637
2025-11-27 00:00:00+00:00,91218.80595634515
2025-11-28 00:00:00+00:00,91353.55025725922
2025-11-29 00:00:00+00:00,90756.23339317266
2025-11-30 00:00:00+00:00,91201.90380027908
2025-12-01 00:00:00+00:00,86214.04133157151
2025-12-02 00:00:00+00:00,88545.99339451523
2025-12-03 00:00:00+00:00,92860.2681178173
2025-12-04 00:00:00+00:00,92872.43390663818
2025-12-05 00:00:00+00:00,90970.59275936492
2025-12-06 00:00:00+00:00,89568.98499409623
2025-12-07 00:00:00+00:00,89716.13749498
2025-12-08 00:00:00+00:00,91050.74099864114
2025-12-09 00:00:00+00:00,91349.8541429422
2025-12-10 00:00:00+00:00,92403.62497729444
2025-12-11 00:00:00+00:00,90573.28326167808
2025-12-12 00:00:00+00:00,91661.09303751396
2025-12-13 00:00:00+00:00,90260.11816968666
2025-12-14 00:00:00+00:00,89536.09690322069
2025-12-15 00:00:00+00:00,88292.01955954584
2025-12-16 00:00:00+00:00,86809.11548181491
2025-12-17 00:00:00+00:00,86887.68359558233
2025-12-18 00:00:00+00:00,86679.14561866873
2025-12-19 00:00:00+00:00,87362.63201419919
2025-12-20 00:00:00+00:00,88174.58899482031
2025-12-21 00:00:00+00:00,88260.19978816884
2025-12-22 00:00:00+00:00,89102.17259775008
2025-12-23 00:00:00+00:00,87769.79200019878
2025-12-24 00:00:00+00:00,87238.98529538728
