date,eth_price
2022-09-15,1566.672324476105
2022-09-16,1456.0467041152108
2022-09-17,1443.4218221898936
2022-09-18,1424.248561562609
2022-09-19,1330.210599649521
2022-09-20,1354.7841091545426
2022-09-21,1332.7776088665237
2022-09-22,1284.6963570239109
2022-09-23,1313.6747647030595
2022-09-24,1330.4061880007082
2022-09-25,1315.3977534084709
2022-09-26,1311.982423619703
2022-09-27,1362.0213537247762
2022-09-28,1310.6757183857103
2022-09-29,1332.5418051919185
2022-09-30,1337.007549651309
2022-10-01,1323.3570031223946
2022-10-02,1303.4266968019156
2022-10-03,1302.6657166654009
2022-10-04,1344.5306714244791
2022-10-05,1348.1674516587989
2022-10-06,1365.4051098087064
2022-10-07,1346.8329704906218
2022-10-08,1325.5759055024623
2022-10-09,1319.1302376838328
2022-10-10,1314.0490413647867
2022-10-11,1283.1163697672894
2022-10-12,1294.2254579844964
2022-10-13,1273.437067743628
2022-10-14,1315.7791323412305
2022-10-16,1287.4497573096278
2022-10-17,1316.241468186807
2022-10-18,1322.5785478893847
2022-10-19,1299.958173707649
2022-10-20,1289.765123284624
2022-10-21,1287.9603661761937
2022-10-22,1306.141277570595
2022-10-23,1316.550823961601
2022-10-24,1346.0324983193088
2022-10-25,1386.8719091955998
2022-10-26,1526.5768668549206
2022-10-27,1551.2570510783455
2022-10-28,1526.0159359497254
2022-10-29,1605.342334425448
2022-10-30,1603.9822305531395
2022-10-31,1582.95952703288
2022-11-01,1583.5846432085436
2022-11-02,1562.29163122953
2022-11-03,1542.3363208486455
2022-11-04,1594.5790992810432
2022-11-05,1640.934984777473
2022-11-06,1619.091742183915
2022-11-07,1580.2441736765425
2022-11-08,1468.132880170481
2022-11-09,1237.4717075492242
2022-11-10,1228.1231532607935
2022-11-11,1268.6458017217285
2022-11-12,1267.4327888203131
2022-11-13,1243.3599044149066
2022-11-14,1232.0933076516778
2022-11-16,1231.8263477027317
2022-11-17,1205.8702503548484
2022-11-18,1214.056595356853
2022-11-19,1210.4838584325985
2022-11-20,1194.533806394768
2022-11-21,1122.9467093024232
2022-11-22,1110.4612716171264
2022-11-23,1162.7001198550583
2022-11-24,1199.5148593307076
2022-11-25,1190.6025928244028
2022-11-26,1214.9631767975486
2022-11-27,1215.3322163575758
2022-11-28,1174.4778264565946
2022-11-29,1205.571990621005
2022-11-30,1272.9441725504412
2022-12-01,1284.2998240943143
2022-12-02,1281.8637759235237
2022-12-03,1276.29415849718
2022-12-04,1262.2127749212905
2022-12-05,1282.9392697394092
2022-12-06,1257.9117976028265
2022-12-07,1241.8306438497116
2022-12-08,1246.582434256402
2022-12-09,1277.7078030346336
2022-12-10,1268.2728749408
2022-12-11,1272.7311945757915
2022-12-12,1253.7564967100786
2022-12-13,1294.4429181128423
2022-12-14,1324.5021435381282
2022-12-15,1282.6514611630894
2022-12-17,1178.2761904339536
2022-12-18,1183.7529344878972
2022-12-19,1180.7642775979496
2022-12-20,1207.0495311017123
2022-12-21,1212.8545690795977
2022-12-22,1209.2878411712431
2022-12-23,1220.8486888752684
2022-12-24,1219.7467059714284
2022-12-25,1217.1600384079595
2022-12-26,1218.8362599988034
2022-12-27,1217.577579584701
2022-12-28,1196.799529411102
2022-12-29,1196.9240120716072
2022-12-30,1195.238231912516
2022-12-31,1198.8070297454626
2023-01-01,1197.2154555125956
2023-01-02,1211.167918820006
2023-01-03,1213.685262179764
2023-01-04,1247.5529277919773
2023-01-05,1251.7403373496566
2023-01-06,1255.1818818254217
2023-01-07,1265.586280762738
2023-01-08,1265.0759908116536
2023-01-09,1317.308097836354
2023-01-10,1330.509031489935
2023-01-11,1335.2015566396856
2023-01-12,1404.8450279041456
2023-01-13,1416.4831733896642
2023-01-14,1536.122363042164
2023-01-15,1537.4910185312438
2023-01-17,1571.422027339437
2023-01-18,1565.8997326013086
2023-01-19,1531.1049501474502
2023-01-20,1570.6402366822929
2023-01-21,1653.7879470406704
2023-01-22,1631.6655221228689
2023-01-23,1631.9601955614835
2023-01-24,1624.837614948234
2023-01-25,1554.9720966107575
2023-01-26,1608.7264287697103
2023-01-27,1584.84727625133
2023-01-28,1586.3602581724454
2023-01-29,1610.372471874327
2023-01-30,1603.1735079957975
2023-01-31,1578.8789548542584
2023-02-01,1589.5538524955073
2023-02-02,1673.2190967107704
2023-02-03,1650.3200478632134
2023-02-04,1667.2123221502727
2023-02-05,1651.8858736113318
2023-02-06,1634.0515959312197
2023-02-07,1642.7201039274894
2023-02-08,1667.8771499649852
2023-02-09,1622.3644201327654
2023-02-10,1538.4937774447026
2023-02-11,1521.926504421998
2023-02-12,1534.8711282406157
2023-02-13,1498.1439391399026
2023-02-14,1523.0688990852589
2023-02-15,1576.7452501088412
2023-02-17,1670.725154894498
2023-02-18,1694.513146055412
2023-02-19,1694.1351393721416
2023-02-20,1697.0673147719335
2023-02-21,1683.9792090833896
2023-02-22,1634.7545996287206
2023-02-23,1656.1554201696788
2023-02-24,1633.674661300689
2023-02-25,1597.4001943096976
2023-02-26,1607.6029425839588
2023-02-27,1637.284810895162
2023-02-28,1629.2514754869117
2023-03-01,1646.6127675273228
2023-03-02,1643.22676426359
2023-03-03,1574.1812744553783
2023-03-04,1568.397739401086
2023-03-05,1569.9158206935217
2023-03-06,1566.995100982999
2023-03-07,1565.7268852608668
2023-03-08,1557.3348027840884
2023-03-09,1520.5487509531802
2023-03-10,1414.7456964520754
2023-03-11,1447.727246255862
2023-03-12,1486.4200343750342
2023-03-13,1627.1804411883834
2023-03-14,1705.0221533980691
2023-03-15,1682.5780243101262
2023-03-16,1663.3302659970998
2023-03-17,1730.1209788924832
2023-03-18,1812.4989531504775
2023-03-20,1777.99679909236
2023-03-21,1781.9709361409114
2023-03-22,1794.0284386894482
2023-03-23,1783.305621770193
2023-03-24,1793.6858260125946
2023-03-25,1758.2123789216196
2023-03-26,1770.3420574880608
2023-03-27,1746.7314091352807
2023-03-28,1738.2710451741991
2023-03-29,1799.956628253436
2023-03-30,1795.2524865329376
2023-03-31,1811.9727448322608
2023-04-01,1825.085339293454
2023-04-02,1812.0884838563863
2023-04-03,1798.9202608482738
2023-04-04,1842.225513825252
2023-04-05,1907.6567147826677
2023-04-06,1880.353101230768
2023-04-07,1862.8505473164944
2023-04-08,1866.102545301802
2023-04-09,1848.5285552050084
2023-04-10,1868.8408808409288
2023-04-11,1913.4588858210263
2023-04-12,1890.4133595197973
2023-04-13,1968.7518376994387
2023-04-14,2099.062291805431
2023-04-15,2097.9782973860024
2023-04-16,2100.6023043907976
2023-04-17,2087.6901878050635
2023-04-18,2092.7173705230352
2023-04-20,1949.3721845458
2023-04-21,1907.937082593996
2023-04-22,1862.2121553088425
2023-04-23,1864.933112893617
2023-04-24,1849.2612578542155
2023-04-25,1832.1954071823395
2023-04-26,1895.203279481425
2023-04-27,1899.5887990319527
2023-04-28,1903.109467484509
2023-04-29,1902.209518155596
2023-04-30,1906.1909121190815
2023-05-01,1844.2042545675893
2023-05-02,1844.3157436936651
2023-05-03,1867.9342486945989
2023-05-04,1893.7858101346112
2023-05-05,1929.8480764735173
2023-05-06,1933.050262152934
2023-05-07,1909.580501305987
2023-05-08,1858.6756745944972
2023-05-09,1845.0202082493868
2023-05-10,1851.23881271409
2023-05-11,1815.6678660629168
2023-05-12,1775.5459706189413
2023-05-13,1802.4113631413916
2023-05-14,1803.4547692875856
2023-05-15,1825.281496618767
2023-05-16,1817.7982917949955
2023-05-17,1813.80575541863
2023-05-18,1815.7063310167343
2023-05-19,1809.033428248008
2023-05-21,1813.6024555362608
2023-05-22,1812.2957293132404
2023-05-23,1850.101324192144
2023-05-24,1814.3967175351152
2023-05-25,1792.6592588712747
2023-05-26,1818.07500437892
2023-05-27,1828.3865282468496
2023-05-28,1848.800095595696
2023-05-29,1899.1500829764764
2023-05-30,1903.052830173788
2023-05-31,1873.6815803336324
2023-06-01,1864.0745895542389
2023-06-02,1889.342659620184
2023-06-03,1899.7608966692549
2023-06-04,1900.2407505580277
2023-06-05,1853.544814474624
2023-06-06,1834.5506074194057
2023-06-07,1862.545858372233
2023-06-08,1844.2178142327248
2023-06-09,1840.881844895388
2023-06-10,1765.8000336509256
2023-06-11,1753.4608917821126
2023-06-12,1740.595398519522
2023-06-13,1742.9354542268177
2023-06-14,1730.148150631832
2023-06-15,1647.1536232925284
2023-06-16,1679.236589554126
2023-06-17,1731.6085917111066
2023-06-18,1731.4668762656866
2023-06-19,1724.9491613198825
2023-06-21,1834.98941550436
2023-06-22,1898.9487868278256
2023-06-23,1887.39499241753
2023-06-24,1887.6816657055424
2023-06-25,1900.2418253422447
2023-06-26,1876.5310404580723
2023-06-27,1880.4585776605752
2023-06-28,1857.001283306412
2023-06-29,1849.1357361502523
2023-06-30,1887.65407909426
2023-07-01,1922.156353478102
2023-07-02,1917.9556060382256
2023-07-03,1956.397495490116
2023-07-04,1952.689221479567
2023-07-05,1921.4291628296469
2023-07-06,1904.701383509925
2023-07-07,1861.941515122666
2023-07-08,1861.1705453601624
2023-07-09,1868.2278381278104
2023-07-10,1867.9160362115945
2023-07-11,1875.6802082917984
2023-07-12,1883.3195006458548
2023-07-13,1909.732676785817
2023-07-14,1983.528085616845
2023-07-15,1935.504565366402
2023-07-16,1931.7326108016289
2023-07-17,1915.025020037917
2023-07-18,1901.130950995476
2023-07-19,1906.8936746909292
2023-07-20,1900.1664091096643
2023-07-22,1889.681409560168
2023-07-23,1877.1466623036076
2023-07-24,1859.807075316051
2023-07-25,1855.0191059936308
2023-07-26,1859.6845424796927
2023-07-27,1871.373030257572
2023-07-28,1868.0303856826488
2023-07-29,1874.8027357549809
2023-07-30,1873.838724945569
2023-07-31,1864.3640650779696
2023-08-01,1837.989361783974
2023-08-02,1852.2417266128205
2023-08-03,1838.687134430874
2023-08-04,1834.790483621636
2023-08-05,1830.666105105328
2023-08-06,1830.7611563695843
2023-08-07,1828.223804544877
2023-08-08,1839.184277122072
2023-08-09,1856.569436685931
2023-08-10,1851.5802472700857
2023-08-11,1846.2538380173376
2023-08-12,1848.7152411158568
2023-08-13,1848.8142272748737
2023-08-14,1845.347244343792
2023-08-15,1838.609331882828
2023-08-16,1821.8910620247132
2023-08-17,1765.001235133116
2023-08-18,1675.8334900005818
2023-08-19,1666.086529328731
2023-08-20,1672.2997873749564
2023-08-22,1651.880065061467
2023-08-23,1652.4726664290504
2023-08-24,1664.1665064428746
2023-08-25,1651.7762005838922
2023-08-26,1649.8355346736128
2023-08-27,1650.9142630249482
2023-08-28,1646.4778827921052
2023-08-29,1678.290591503547
2023-08-30,1713.0248249772856
2023-08-31,1688.7360549641614
2023-09-01,1638.5719647482986
2023-09-02,1633.230000499828
2023-09-03,1635.046531480308
2023-09-04,1632.542047642222
2023-09-05,1628.902391113302
2023-09-06,1630.1470809902687
2023-09-07,1634.7630774687802
2023-09-08,1637.7749808201218
2023-09-09,1634.0769249629664
2023-09-10,1623.1116994992544
2023-09-11,1585.0412003006693
2023-09-12,1587.8133887095637
2023-09-13,1597.636225076544
2023-09-14,1624.7635453908265
2023-09-15,1626.7059408784223
2023-09-16,1637.8401035705522
2023-09-17,1628.1393210956594
2023-09-18,1639.408435199868
2023-09-19,1641.8615699189304
2023-09-20,1632.2111113837846
2023-09-22,1592.894549602104
2023-09-23,1592.8901551555598
2023-09-24,1592.6945203254784
2023-09-25,1580.5532774515232
2023-09-26,1588.8352718973415
2023-09-27,1599.2869108615278
2023-09-28,1628.4543367996375
2023-09-29,1664.9475965226604
2023-09-30,1675.0566154532296
2023-10-01,1681.2387767029531
2023-10-02,1709.008167620357
2023-10-03,1659.09597852029
2023-10-04,1642.7444795142403
2023-10-05,1633.6524533497347
2023-10-06,1632.5905108248678
2023-10-07,1639.9237854635078
2023-10-08,1631.9217981942386
2023-10-09,1602.6757382484222
2023-10-10,1577.6108356628276
2023-10-11,1564.5609137695456
2023-10-12,1549.293791555493
2023-10-13,1544.3959326124616
2023-10-14,1551.7098705722108
2023-10-15,1556.1527468092218
2023-10-16,1578.5389934227042
2023-10-17,1581.398112994277
2023-10-18,1570.3620495888729
2023-10-19,1557.7273256049143
2023-10-20,1597.8660572822716
2023-10-21,1613.8924213281416
2023-10-23,1689.2048263491188
2023-10-24,1803.174903980476
2023-10-25,1788.9805238268073
2023-10-26,1803.6883868658017
2023-10-27,1783.7702266294782
2023-10-28,1785.7149842422225
2023-10-29,1788.440703753732
2023-10-30,1803.001424006476
2023-10-31,1803.2998424617035
2023-11-01,1811.170139033116
2023-11-02,1828.6431828562809
2023-11-03,1802.404743308647
2023-11-04,1836.685357080236
2023-11-05,1879.6388558134224
2023-11-06,1892.4941660034667
2023-11-07,1885.4431873389465
2023-11-08,1888.166865538394
2023-11-09,1957.4713682582817
2023-11-10,2101.280085298535
2023-11-11,2062.085439236077
2023-11-12,2051.391936911136
2023-11-13,2062.581004464006
2023-11-14,2034.1658365427008
2023-11-15,2005.173278863159
2023-11-16,2028.472654950825
2023-11-17,1960.9887472787805
2023-11-18,1949.410324460677
2023-11-19,1963.5772773702736
2023-11-20,2022.7271032113165
2023-11-21,2003.380566724128
2023-11-23,2062.6366663247536
2023-11-24,2086.827983439655
2023-11-25,2081.9602676356603
2023-11-26,2075.613935372754
2023-11-27,2032.2366815452583
2023-11-28,2033.7430377921453
2023-11-29,2046.953739121579
2023-11-30,2035.786728686775
2023-12-01,2088.3166089616125
2023-12-02,2111.383666222226
2023-12-03,2164.6107148523192
2023-12-04,2231.333015294024
2023-12-05,2236.2508856726686
2023-12-06,2269.6585353381447
2023-12-07,2280.5645937748864
2023-12-08,2361.256632157442
2023-12-09,2360.059371950561
2023-12-10,2349.937816073318
2023-12-11,2241.071214396032
2023-12-12,2212.2595482924226
2023-12-13,2197.581686147317
2023-12-14,2278.6411859272484
2023-12-15,2263.9303167277817
2023-12-16,2242.965532269741
2023-12-17,2220.021086690548
2023-12-18,2170.828419254822
2023-12-19,2213.534922477412
2023-12-20,2208.391274913491
2023-12-21,2221.5073042085537
2023-12-22,2291.8865778901013
2023-12-24,2294.051144920267
2023-12-25,2277.371228020585
2023-12-26,2238.9761750024727
2023-12-27,2284.208358833396
2023-12-28,2384.573879144648
2023-12-29,2338.1751490776114
2023-12-30,2297.6184272564856
2023-12-31,2295.1998730972305
2024-01-01,2302.880339344182
2024-01-02,2380.469122450789
2024-01-03,2297.308237369882
2024-01-04,2245.172794911228
2024-01-05,2245.6632316796754
2024-01-06,2244.452247909805
2024-01-07,2242.0264347213683
2024-01-08,2253.6130718374056
2024-01-09,2293.493436253588
2024-01-10,2408.951586752408
2024-01-11,2609.966386828828
2024-01-12,2606.8158022510693
2024-01-13,2549.4990223641857
2024-01-14,2540.58101853987
2024-01-15,2518.597474403693
2024-01-16,2544.386261821703
2024-01-17,2551.1013220769687
2024-01-18,2506.804335651978
2024-01-19,2472.967305862701
2024-01-20,2471.3946029116446
2024-01-21,2471.277743547
2024-01-22,2390.7832200692505
2024-01-24,2228.370714928793
2024-01-25,2215.1552626600246
2024-01-26,2238.477211959928
2024-01-27,2267.387956000693
2024-01-28,2276.0256572138123
2024-01-29,2274.018181951268
2024-01-30,2329.64463573974
2024-01-31,2321.654567444702
2024-02-01,2277.7830384793547
2024-02-02,2303.4610609471306
2024-02-03,2309.4802529047697
2024-02-04,2298.0786897436906
2024-02-05,2300.641380958896
2024-02-06,2334.072430544247
2024-02-07,2381.7962130993624
2024-02-08,2427.480365783751
2024-02-09,2473.957784747518
2024-02-10,2495.889513721629
2024-02-11,2514.900383355539
2024-02-12,2535.20591454726
2024-02-13,2647.0465587460976
2024-02-14,2710.340851089941
2024-02-15,2806.332366294963
2024-02-16,2814.5936098141706
2024-02-17,2780.149634303721
2024-02-18,2807.110772325235
2024-02-19,2910.476079542295
2024-02-20,2937.482509433773
2024-02-21,2940.9127946371104
2024-02-22,2971.237362935281
2024-02-24,2957.8380907244955
2024-02-25,3041.901665812671
2024-02-26,3114.775258728511
2024-02-27,3234.523608649783
2024-02-28,3309.641944997765
2024-02-29,3433.7271949438723
2024-03-01,3403.632439228913
2024-03-02,3425.518570224916
2024-03-03,3434.897108330138
2024-03-04,3521.7582597823985
2024-03-05,3658.041031052411
2024-03-06,3759.61243839761
2024-03-07,3820.239617578969
2024-03-08,3929.8697665164486
2024-03-09,3916.9761049390327
2024-03-10,3923.931555514355
2024-03-11,3974.926625786391
2024-03-12,4005.537401193897
2024-03-13,4014.103556584225
2024-03-14,3925.426822548765
2024-03-15,3723.474081174334
2024-03-16,3680.186457080886
2024-03-17,3574.242145240221
2024-03-18,3563.1328361925093
2024-03-19,3328.4875796904885
2024-03-20,3277.6082384114347
2024-03-21,3508.2776114023777
2024-03-22,3412.9814437508776
2024-03-23,3364.778666934444
2024-03-24,3371.4061193094185
2024-03-26,3611.600061617311
2024-03-27,3559.351878901021
2024-03-28,3553.9065981044428
2024-03-29,3533.749067905747
2024-03-30,3520.703370288461
2024-03-31,3597.120625640684
2024-04-01,3535.9961089256976
2024-04-02,3334.579379769584
2024-04-03,3316.404847688585
2024-04-04,3336.470274472995
2024-04-05,3300.6270056004
2024-04-06,3339.083555708847
2024-04-07,3390.203941825907
2024-04-08,3572.825648681196
2024-04-09,3603.828920419709
2024-04-10,3508.3593698384448
2024-04-11,3539.708803327841
2024-04-12,3438.003189292634
2024-04-13,3204.1436570931696
2024-04-14,3051.334799853998
2024-04-15,3165.972006374529
2024-04-16,3070.988237880067
2024-04-17,3043.710654647223
2024-04-18,3026.392453442939
2024-04-19,3063.0104241377417
2024-04-20,3083.716590275756
2024-04-21,3160.265851466607
2024-04-22,3192.1937000420644
2024-04-23,3201.0459586370744
2024-04-24,3214.7873363384133
2024-04-26,3139.740978415572
2024-04-27,3154.413700534149
2024-04-28,3303.238219013709
2024-04-29,3191.8597319221785
2024-04-30,3071.3783507239464
2024-05-01,2937.904274364545
2024-05-02,2959.9252401637564
2024-05-03,3029.4534106134784
2024-05-04,3120.4132289743616
2024-05-05,3125.6849588568075
2024-05-06,3125.229951961815
2024-05-07,3071.4718337067447
2024-05-08,3004.980722757486
2024-05-09,2996.745834800953
2024-05-10,2985.6175229335463
2024-05-11,2915.8678843970924
2024-05-12,2924.260517225866
2024-05-13,2939.789540150908
2024-05-14,2911.610309355155
2024-05-15,2940.61452836767
2024-05-16,2985.198120726184
2024-05-17,3030.737504982108
2024-05-18,3112.887229104301
2024-05-19,3096.599022087624
2024-05-20,3175.412293170266
2024-05-21,3718.697068321455
2024-05-22,3749.021937988201
2024-05-23,3793.8438322201855
2024-05-24,3730.5025359823353
2024-05-25,3743.496475189437
2024-05-27,3904.162252635789
2024-05-28,3854.633922549896
2024-05-29,3803.279170884824
2024-05-30,3762.4813506655705
2024-05-31,3764.044643239161
2024-06-01,3788.807537200788
2024-06-02,3794.134088812063
2024-06-03,3796.577195073818
2024-06-04,3782.743167480625
2024-06-05,3818.903659416975
2024-06-06,3840.639306964092
2024-06-07,3779.504223146309
2024-06-08,3685.710548612036
2024-06-09,3690.632169140175
2024-06-10,3680.132815979425
2024-06-11,3535.0592718367448
2024-06-12,3551.1919060784053
2024-06-13,3496.9338778233123
2024-06-14,3477.306801058834
2024-06-15,3534.6919979346226
2024-06-16,3574.085838500333
2024-06-17,3546.859641956912
2024-06-18,3433.8867681669544
2024-06-19,3541.6721064719063
2024-06-20,3551.4402572803897
2024-06-21,3502.156229301139
2024-06-22,3498.8993752648566
2024-06-23,3486.2776110436425
2024-06-24,3341.66337527232
2024-06-25,3380.483824429178
2024-06-27,3410.425862850137
2024-06-28,3421.18809159672
2024-06-29,3384.232031665661
2024-06-30,3388.968302586624
2024-07-01,3471.123074367813
2024-07-02,3433.706699605604
2024-07-03,3328.0732702555088
2024-07-04,3176.139882624131
2024-07-05,2957.064105214344
2024-07-06,3011.9386168640194
2024-07-07,3008.5410556079355
2024-07-08,2971.879745591913
2024-07-09,3062.848566679273
2024-07-10,3096.301510577414
2024-07-11,3121.362002658599
2024-07-12,3100.9927423679696
2024-07-13,3148.359596449542
2024-07-14,3197.835795650841
2024-07-15,3358.3514608134305
2024-07-16,3440.009892117121
2024-07-17,3455.3252541356355
2024-07-18,3429.274110077539
2024-07-19,3446.36254326704
2024-07-20,3502.440519359858
2024-07-21,3501.9713518428503
2024-07-22,3489.1657419001003
2024-07-23,3473.095174072146
2024-07-24,3427.4393214974475
2024-07-25,3171.0688629215515
2024-07-26,3248.63056942348
2024-07-28,3251.9221034573125
2024-07-29,3337.0824674119663
2024-07-30,3312.6787064004097
2024-07-31,3293.6143383895
2024-08-01,3169.768525072596
2024-08-02,3104.1736347539736
2024-08-03,2954.4714323594376
2024-08-04,2849.885219058992
2024-08-05,2377.2525129714527
2024-08-06,2497.0785182605878
2024-08-07,2444.014819499557
2024-08-08,2486.038357809064
2024-08-09,2634.2059278076244
2024-08-10,2612.6207111066487
2024-08-11,2630.826632513234
2024-08-12,2619.633276756994
2024-08-13,2677.383193306078
2024-08-14,2698.1514270427824
2024-08-15,2620.4653033396007
2024-08-16,2599.639273930713
2024-08-17,2605.8283056441005
2024-08-18,2639.1954159226066
2024-08-19,2608.954468474522
2024-08-20,2629.962107580864
2024-08-21,2600.563274127028
2024-08-22,2622.0882525539205
2024-08-23,2683.138311701207
2024-08-24,2767.0810646145183
2024-08-25,2764.178420438882
2024-08-26,2724.4328976774004
2024-08-28,2494.691709794993
2024-08-29,2544.083604819762
2024-08-30,2511.1408733346807
2024-08-31,2517.909118165428
2024-09-01,2477.3574427071208
2024-09-02,2491.823020528794
2024-09-03,2492.315077872152
2024-09-04,2412.31590910674
2024-09-05,2400.2698505616904
2024-09-06,2323.295560109168
2024-09-07,2270.811570726728
2024-09-08,2283.8752153949918
2024-09-09,2319.0619038938826
2024-09-10,2353.1369914571187
2024-09-11,2339.304260640036
2024-09-12,2351.8164741951628
2024-09-13,2378.893883291074
2024-09-14,2420.141635347084
2024-09-15,2400.4724077414803
2024-09-16,2292.552842006125
2024-09-17,2321.3649167115705
2024-09-18,2319.316567479304
2024-09-19,2433.9446504486773
2024-09-20,2530.503543427955
2024-09-21,2559.225038903885
2024-09-22,2583.733198998056
2024-09-23,2651.1674045645177
2024-09-24,2637.991500137378
2024-09-25,2614.136638006976
2024-09-26,2621.6568773697995
2024-09-28,2678.997511634904
2024-09-29,2660.9991451024507
2024-09-30,2619.673451621829
2024-10-01,2577.362919616066
2024-10-02,2447.0508505011585
2024-10-03,2359.389055159883
2024-10-04,2390.3167055637346
2024-10-05,2412.3781953385837
2024-10-06,2427.4498192981023
2024-10-07,2469.4912270715517
2024-10-08,2435.0618970991973
2024-10-09,2428.3577621979025
2024-10-10,2383.3500745251627
2024-10-11,2422.842458479077
2024-10-12,2457.512659268015
2024-10-13,2461.5238487862944
2024-10-14,2556.9268302550613
2024-10-15,2605.2485513631486
2024-10-16,2615.434019545543
2024-10-17,2614.619476809528
2024-10-18,2632.955357854976
2024-10-19,2643.039125907688
2024-10-20,2669.8124486690167
2024-10-21,2703.728901372859
2024-10-22,2634.961684442425
2024-10-23,2564.507787436624
2024-10-24,2533.278002424098
2024-10-25,2510.637005464902
2024-10-26,2463.270499073696
2024-10-27,2482.976081632742
2024-10-29,2621.4314895858365
2024-10-30,2665.356285474249
2024-10-31,2601.6824105940373
2024-11-01,2515.005012496202
2024-11-02,2497.900311792493
2024-11-03,2453.267870058929
2024-11-04,2448.2768859201683
2024-11-05,2432.158870842042
2024-11-06,2615.311759008019
2024-11-07,2830.790801657049
2024-11-08,2923.573021604682
2024-11-09,3034.675097159545
2024-11-10,3179.828053804289
2024-11-11,3223.1689990386017
2024-11-12,3303.7936055617824
2024-11-13,3210.9346213854114
2024-11-14,3170.1684844914835
2024-11-15,3068.6917964541094
2024-11-16,3140.7597815927943
2024-11-17,3104.3402934535097
2024-11-18,3120.33778623669
2024-11-19,3129.6013090967263
2024-11-20,3098.503508930004
2024-11-21,3219.8397009983587
2024-11-22,3333.225892142589
2024-11-23,3386.4011866151814
2024-11-24,3373.371215215497
2024-11-25,3433.115532329445
2024-11-26,3360.6411455375164
2024-11-27,3476.9773514268786
2024-11-29,3586.0520765937404
2024-11-30,3669.5814170135
2024-12-01,3705.350208953622
2024-12-02,3647.345836312172
2024-12-03,3608.0187307118463
2024-12-04,3740.919458670112
2024-12-05,3874.403565948261
2024-12-06,3934.1737350031294
2024-12-07,4000.5837784314754
2024-12-08,3984.799421281237
2024-12-09,3874.195296388632
2024-12-10,3685.7149341473223
2024-12-11,3720.775965270674
2024-12-12,3905.533150422923
2024-12-13,3908.919762542588
2024-12-14,3891.600256206349
2024-12-15,3882.965421599958
2024-12-16,3975.3932889143766
2024-12-17,3984.080283330028
2024-12-18,3835.925724525672
2024-12-19,3604.208597556828
2024-12-20,3363.5105508293327
2024-12-21,3429.059505241108
2024-12-22,3330.6247280355924
2024-12-23,3326.399192769873
2024-12-24,3432.7215608278334
2024-12-25,3479.502019699253
2024-12-26,3385.087134906387
2024-12-27,3360.2427961290136
2024-12-28,3357.078014620347
2024-12-30,3382.1359454639605
2024-12-31,3364.07492012351
2025-01-01,3341.74432459036
2025-01-02,3433.246926657004
2025-01-03,3503.6123043230605
2025-01-04,3613.667857663065
2025-01-05,3631.309585356221
2025-01-06,3664.6588743585694
2025-01-07,3581.5380748646035
2025-01-08,3341.7237352417123
2025-01-09,3289.092277260675
2025-01-10,3270.296211046498
2025-01-11,3262.134773812917
2025-01-12,3269.115381899455
2025-01-13,3131.203490193464
2025-01-14,3190.5332569154866
2025-01-15,3284.7566862458084
2025-01-16,3351.9928874598786
2025-01-17,3402.936975126717
2025-01-18,3324.233403798967
2025-01-19,3302.480098432632
2025-01-20,3309.211954446171
2025-01-21,3283.954860021015
2025-01-22,3298.9955817484315
2025-01-23,3232.2265436066814
2025-01-24,3363.3022686155896
2025-01-25,3312.3373469157427
2025-01-26,3322.1140793788118
2025-01-27,3123.582655941684
2025-01-28,3169.385916230289
2025-01-30,3216.6774255647997
2025-01-31,3297.597534311326
2025-02-01,3253.678051667197
2025-02-02,3055.750717340712
2025-02-03,2644.460718924183
2025-02-04,2771.7728259332
2025-02-05,2761.0631639713115
2025-02-06,2772.9643773463827
2025-02-07,2703.557267759268
2025-02-08,2625.193051469352
2025-02-09,2644.961347230428
2025-02-10,2647.6441402816886
2025-02-11,2669.376998985668
2025-02-12,2630.38317618372
2025-02-13,2680.210338925236
2025-02-14,2712.0882781024934
2025-02-15,2706.698009467216
2025-02-16,2695.366240977456
2025-02-17,2718.9387194583846
2025-02-18,2678.6793020100813
2025-02-19,2701.784962611968
2025-02-20,2734.5966262949355
2025-02-21,2735.7865919167725
2025-02-22,2723.3322415609514
2025-02-23,2792.266654818597
2025-02-24,2693.9216107935454
2025-02-25,2452.447131640521
2025-02-26,2430.309617123416
2025-02-27,2325.5564059322905
2025-02-28,2179.8801067820496
2025-03-02,2301.7445025968213
2025-03-03,2331.7041264560567
2025-03-04,2104.9015345132493
2025-03-05,2200.771746074872
2025-03-06,2253.5948622380542
2025-03-07,2175.8499261680427
2025-03-08,2165.866314281529
2025-03-09,2124.8707332709487
2025-03-10,2016.3407571261464
2025-03-11,1899.9159502745815
2025-03-12,1892.3779958872728
2025-03-13,1875.814103899512
2025-03-14,1905.070220529148
2025-03-15,1928.5825759468723
2025-03-16,1907.297767192388
2025-03-17,1912.595948879681
2025-03-18,1901.091975358819
2025-03-19,1986.7692465378288
2025-03-20,1998.4768544774963
2025-03-21,1970.6151747263823
2025-03-22,1987.1979215550973
2025-03-23,2000.8414301314183
2025-03-24,2063.905803852545
2025-03-25,2065.21514430206
2025-03-26,2042.1923790318788
2025-03-27,2017.181783941524
2025-03-28,1917.574201596076
2025-03-29,1859.8172667963672
2025-03-30,1825.0341274791608
2025-03-31,1815.418835550017
2025-04-02,1877.2581744262443
2025-04-03,1801.4782725191917
2025-04-04,1805.7064447353723
2025-04-05,1802.5507174820495
2025-04-06,1744.3422984258088
2025-04-07,1536.5824591981936
2025-04-08,1541.943739693225
2025-04-09,1510.3610582617414
2025-04-10,1576.956872511931
2025-04-11,1554.9713250240327
2025-04-12,1605.0292155959426
2025-04-13,1609.9764845477805
2025-04-14,1637.7636122702895
2025-04-15,1626.1146951314206
2025-04-16,1583.0352675490797
2025-04-17,1591.9428422453718
2025-04-18,1587.1593212956996
2025-04-19,1602.8576415413172
2025-04-20,1592.3720660956571
2025-04-21,1615.624733754472
2025-04-22,1641.7208568185913
2025-04-23,1790.6908105822197
2025-04-24,1765.524396992961
2025-04-25,1782.0395231525206
2025-04-26,1802.1864257861043
2025-04-27,1805.6413524347872
2025-04-28,1790.946758596426
2025-04-29,1813.5797676952504
2025-04-30,1792.1695405321968
2025-05-01,1829.941587913181
2025-05-03,1832.605332686986
2025-05-04,1832.2692120056413
2025-05-05,1811.25402699488
2025-05-06,1790.1414452775855
2025-05-07,1822.361562244028
2025-05-08,1977.452098413392
2025-05-09,2298.1184615742545
2025-05-10,2414.1056134099217
2025-05-11,2514.0970852489318
2025-05-12,2514.311681086781
2025-05-13,2534.142929734882
2025-05-14,2625.445285904297
2025-05-15,2561.0037178707703
2025-05-16,2583.8529763063293
2025-05-17,2485.0306391454264
2025-05-18,2492.313469401861
2025-05-19,2442.36027440876
2025-05-20,2516.7941126710093
2025-05-21,2538.281122139096
2025-05-22,2634.9025236004304
2025-05-23,2621.8743133364856
2025-05-24,2549.5669064847384
2025-05-25,2510.3602117225614
2025-05-26,2559.5369272923017
2025-05-27,2623.916865846821
2025-05-28,2644.1207424961017
2025-05-29,2695.422003483521
2025-05-30,2602.5221713310348
2025-05-31,2527.4276715181018
2025-06-01,2516.5616029361304
2025-06-03,2616.0205785687526
2025-06-04,2626.868496647128
2025-06-05,2580.135146033736
2025-06-06,2472.4616037636806
2025-06-07,2501.2236206133293
2025-06-08,2518.350400356058
2025-06-09,2536.252792396503
2025-06-10,2722.7482774338737
2025-06-11,2801.7436993203646
2025-06-12,2738.148971970968
2025-06-13,2536.1345742063827
2025-06-14,2534.9386029240777
2025-06-15,2533.371666056154
2025-06-16,2612.0601143078725
2025-06-17,2546.5281816923293
2025-06-18,2515.793135300008
2025-06-19,2517.5064942715912
2025-06-20,2498.654053869976
2025-06-21,2409.8863817072693
2025-06-22,2241.137405158109
2025-06-23,2269.862095340576
2025-06-24,2423.9358222112533
2025-06-25,2433.497288477052
2025-06-26,2451.129485260828
2025-06-27,2431.7708085245213
2025-06-28,2428.451784613297
2025-06-29,2442.9460114303324
2025-06-30,2484.3615417823926
2025-07-01,2447.704212336453
2025-07-02,2482.870251345006
2025-07-04,2538.903449270098
2025-07-05,2514.68984784208
2025-07-06,2532.398076053686
2025-07-07,2555.963196747816
2025-07-08,2569.7748398013823
2025-07-09,2653.758768751253
2025-07-10,2803.374041802215
2025-07-11,2980.3574148047974
2025-07-12,2948.882402355905
2025-07-13,2968.7025358347914
2025-07-14,3022.8090353099874
2025-07-15,3011.479434842296
2025-07-16,3214.3859774446496
2025-07-17,3412.0348807456453
2025-07-18,3592.6049568794915
2025-07-19,3564.680299995847
2025-07-20,3707.1301141370623
2025-07-21,3776.107418482714
2025-07-22,3705.538563283229
2025-07-23,3660.864833814685
2025-07-24,3661.335534278995
2025-07-25,3666.578679469765
2025-07-26,3741.672874639712
2025-07-27,3801.661442882913
2025-07-28,3848.659038973316
2025-07-29,3799.317606514622
2025-07-30,3788.376309489463
2025-07-31,3814.5683882198114
2025-08-01,3619.021778449529
2025-08-02,3477.3509835127097
2025-08-04,3601.269716430289
2025-08-05,3630.426624505088
2025-08-06,3630.185279137013
2025-08-07,3773.333428400277
2025-08-08,3951.3064311469097
2025-08-09,4170.49853584532
2025-08-10,4228.330354731214
2025-08-11,4271.691554134082
2025-08-12,4376.886407331153
2025-08-13,4669.688803950862
2025-08-14,4664.42595076064
2025-08-15,4551.495374984178
2025-08-16,4427.507180899115
2025-08-17,4496.503017262606
2025-08-18,4335.98223358099
2025-08-19,4233.106701244081
2025-08-20,4224.152249584839
2025-08-21,4277.224248712047
2025-08-22,4466.442580424205
2025-08-23,4742.189387086413
2025-08-24,4789.224199907053
2025-08-25,4608.990400431638
2025-08-26,4472.71308572591
2025-08-27,4595.703844626346
2025-08-28,4536.584613499023
2025-08-29,4387.656554322307
2025-08-30,4362.049912593546
2025-08-31,4460.9564282211
2025-09-01,4380.185571609702
2025-09-02,4341.8481698088735
2025-09-04,4370.514640735648
2025-09-05,4344.529408732605
2025-09-06,4296.159811711639
2025-09-07,4295.30954754829
2025-09-08,4312.820447941672
2025-09-09,4318.00718111178
2025-09-10,4338.986871695805
2025-09-11,4416.313187072233
2025-09-12,4557.157897402331
2025-09-13,4694.759508780508
2025-09-14,4642.054941796914
2025-09-15,4555.411269861846
2025-09-16,4500.918121481996
2025-09-17,4510.206870522182
2025-09-18,4597.218533485809
2025-09-19,4520.950528439316
2025-09-20,4478.523768912279
2025-09-21,4477.867022093279
2025-09-22,4220.37722256785
2025-09-23,4184.227595733032
2025-09-24,4171.61217184801
2025-09-25,3996.695101648369
2025-09-26,3958.4130512212832
2025-09-27,4013.678130648807
2025-09-28,4020.993068283539
2025-09-29,4146.470927642386
2025-09-30,4166.380742726488
2025-10-01,4248.490415674933
2025-10-02,4412.005547474172
2025-10-03,4495.258311805073
2025-10-05,4533.675140612335
2025-10-06,4602.295398778034
2025-10-07,4623.289376189229
2025-10-08,4482.760617549001
2025-10-09,4387.83086986094
2025-10-10,4234.334998899046
2025-10-11,3804.054700002993
2025-10-12,3914.145090373555
2025-10-13,4174.709943208661
2025-10-14,4078.1405530411776
2025-10-15,4065.8327264951818
2025-10-16,3978.1193292375096
2025-10-17,3830.801584931696
2025-10-18,3874.105169232519
2025-10-19,3936.398257803181
2025-10-20,4008.812308342351
2025-10-21,3938.277221486076
2025-10-22,3835.107711347069
2025-10-23,3858.888281543116
2025-10-24,3924.750038115597
2025-10-25,3939.025474946277
2025-10-26,4014.088281151842
2025-10-27,4181.177735336861
2025-10-28,4096.773418119202
2025-10-29,3986.704308507928
2025-10-30,3846.653211943089
2025-10-31,3845.657434265769
2025-11-01,3867.407762206307
2025-11-02,3872.751186498839
2025-11-03,3706.545230236344
2025-11-05,3355.7656536240447
2025-11-06,3367.375317084321
2025-11-07,3339.504497951036
2025-11-08,3419.91449452623
2025-11-09,3459.0125375753905
2025-11-10,3585.690547110349
2025-11-11,3529.39482776489
2025-11-12,3454.8006521103084
2025-11-13,3397.7616402510826
2025-11-14,3184.0579340413674
2025-11-15,3168.772535417267
2025-11-16,3153.0555686734547
2025-11-17,3124.144131203502
2025-11-18,3063.535553886188
2025-11-19,3031.100409876064
2025-11-20,2969.3699810791454
2025-11-21,2761.911872504505
2025-11-22,2745.62979473441
2025-11-23,2814.7634063096343
2025-11-24,2857.3158908772043
2025-11-25,2919.088482780641
2025-11-26,2956.3001742168804
2025-11-27,3025.117561467081
2025-11-28,3035.4015833520243
2025-11-29,3008.023449398123
2025-11-30,3016.2696393536694
2025-12-01,2814.249262100317
2025-12-02,2878.553233551704
2025-12-03,3078.234943829877
2025-12-04,3177.1969787525845
2025-12-06,3036.5301273200766
2025-12-07,3053.092787339445
2025-12-08,3122.3551922762285
2025-12-09,3189.2757579705776
2025-12-10,3333.2962523632555
2025-12-11,3211.0466372482283
2025-12-12,3188.57142610956
2025-12-13,3102.8902204301085
2025-12-14,3101.584708566429
2025-12-15,3065.19613036542
2025-12-16,2941.8694657715646
2025-12-17,2906.573710974167
2025-12-18,2853.067688889751
2025-12-19,2935.880471346268
2025-12-20,2979.4783675973763
2025-12-21,2980.317995521674
