decision,up_prob,down_prob,confidence,actual_direction,actual_return
NO_TRADE,0.5263043148398848,0.47369568516011523,0.0,1,0.0322547060414576
NO_TRADE,0.5216701506652912,0.47832984933470885,0.0,1,0.0066535968273015
NO_TRADE,0.5225347961411408,0.47746520385885916,0.0,1,0.0164810741283249
NO_TRADE,0.5194088829179652,0.48059111708203495,0.0,1,6.387255449691147e-05
NO_TRADE,0.5156367711855153,0.4843632288144846,0.0,0,-0.014440117365083
NO_TRADE,0.5156743768139299,0.48432562318607003,0.0,1,0.0164943205472439
NO_TRADE,0.521060823697782,0.478939176302218,0.0,1,0.0586890081289581
NO_TRADE,0.5243091807077437,0.47569081929225626,0.0,1,0.0204852198834221
NO_TRADE,0.5078744400850722,0.49212555991492773,0.0,0,-0.0237677710757793
NO_TRADE,0.5060109261526027,0.4939890738473973,0.0,0,-0.0076075234845695
NO_TRADE,0.5128164695500069,0.487183530449993,0.0,0,-0.00771791983956
NO_TRADE,0.5181005389011366,0.4818994610988634,0.0,1,0.0014663333375325
NO_TRADE,0.519639457445948,0.48036054255405203,0.0,1,0.0345225922311652
NO_TRADE,0.5179489689126212,0.48205103108737873,0.0,1,0.0114771250364245
NO_TRADE,0.5178961636132906,0.4821038363867094,0.0,1,0.0284872177484364
NO_TRADE,0.5210488562646728,0.47895114373532716,0.0,1,0.1046952033955773
LONG,0.5308537634338212,0.46914623656617876,0.06170752686764236,1,0.0635744084646632
NO_TRADE,0.5291638319215832,0.4708361680784168,0.0,1,0.0007333979269626
NO_TRADE,0.5146158105556949,0.4853841894443051,0.0,0,-0.0049158839673017
NO_TRADE,0.509301922534729,0.490698077465271,0.0,0,-0.003760716459551
NO_TRADE,0.5081953919917878,0.4918046080082122,0.0,0,-0.032110837448981
NO_TRADE,0.5029617334006432,0.49703826659935674,0.0,0,-0.0709560346685942
NO_TRADE,0.5003201357867363,0.49967986421326366,0.0,0,-0.0579248471716645
NO_TRADE,0.4935022430481855,0.5064977569518144,0.0,0,-0.0457422522506099
NO_TRADE,0.5066152071373375,0.49338479286266246,0.0,0,-0.0227974088502912
NO_TRADE,0.5041112978075496,0.49588870219245046,0.0,0,-0.0069788725807617
NO_TRADE,0.5061372875275151,0.49386271247248487,0.0,0,-0.0177102641794809
NO_TRADE,0.5123921248036857,0.4876078751963142,0.0,1,0.0245398650134328
NO_TRADE,0.5168772060474999,0.48312279395250024,0.0,1,0.0361225173147894
NO_TRADE,0.5159588576439591,0.4840411423560409,0.0,1,0.0041630060229543
NO_TRADE,0.5190747321983161,0.48092526780168393,0.0,1,0.0013786736276378
NO_TRADE,0.5184152211057214,0.48158477889427864,0.0,1,0.0016178536737081
NO_TRADE,0.5047941497387755,0.4952058502612246,0.0,0,-0.0309682286961158
NO_TRADE,0.5064678037759808,0.49353219622401917,0.0,0,-0.0329986258958012
NO_TRADE,0.5215496172252682,0.4784503827747318,0.0,1,0.0127852542962709
NO_TRADE,0.5169458688766615,0.4830541311233385,0.0,1,0.026469561662565
NO_TRADE,0.5138477049304893,0.48615229506951074,0.0,1,0.0326081425498286
NO_TRADE,0.5133980467289087,0.4866019532710914,0.0,1,0.0205213022977872
NO_TRADE,0.4994120026750985,0.5005879973249014,0.0,0,-0.0105576978537333
NO_TRADE,0.5013825097063358,0.4986174902936642,0.0,0,-0.0392349708121079
NO_TRADE,0.49399385798705353,0.5060061420129465,0.0,0,-0.0343933546984224
NO_TRADE,0.5022129180797,0.4977870819202999,0.0,0,-0.0040091877412621
NO_TRADE,0.5024701570357909,0.4975298429642092,0.0,0,-0.0160368600982527
NO_TRADE,0.5046475659622721,0.49535243403772794,0.0,0,-0.0417470787705639
NO_TRADE,0.5026694021204642,0.49733059787953576,0.0,0,-0.0073279557485321
NO_TRADE,0.5173768710951482,0.48262312890485193,0.0,1,0.0155961769262654
NO_TRADE,0.5092117422531165,0.49078825774688345,0.0,1,0.012608805296153
NO_TRADE,0.512094186414939,0.48790581358506097,0.0,1,0.0079218973530846
NO_TRADE,0.5060939378136032,0.4939060621863967,0.0,0,-0.006306954708793
NO_TRADE,0.5077962209395636,0.49220377906043633,0.0,0,-0.001151483884883
NO_TRADE,0.5099454821370261,0.490054517862974,0.0,0,-0.0026345800567333
NO_TRADE,0.5114260688174118,0.48857393118258824,0.0,0,-0.0004365898179604
NO_TRADE,0.5193389931440788,0.48066100685592117,0.0,1,0.002522489070134
NO_TRADE,0.5132734651125149,0.486726534887485,0.0,0,-0.0014435649622631
NO_TRADE,0.5201641807689892,0.4798358192310109,0.0,1,0.0199252332568316
NO_TRADE,0.5196883461139246,0.48031165388607544,0.0,1,0.0011586251041127
NO_TRADE,0.5165935083552875,0.48340649164471244,0.0,0,-0.0315402705310741
NO_TRADE,0.5182247392949667,0.4817752607050332,0.0,1,0.0020252260073131
NO_TRADE,0.5202703212308526,0.4797296787691474,0.0,1,0.0197337624996106
NO_TRADE,0.5182902632392924,0.48170973676070766,0.0,1,0.0167585802466021
NO_TRADE,0.514510477776286,0.48548952222371405,0.0,1,0.0379725619510609
NO_TRADE,0.5135757795790322,0.48642422042096783,0.0,1,0.0289225177643925
NO_TRADE,0.5045833554311229,0.4954166445688772,0.0,0,-0.0135012064075726
NO_TRADE,0.5059372448596785,0.49406275514032155,0.0,0,-0.0206946181312489
NO_TRADE,0.517941723100304,0.482058276899696,0.0,1,0.008323714496605
NO_TRADE,0.5224741919553101,0.47752580804468997,0.0,1,0.0189633030770404
NO_TRADE,0.5142494504471267,0.48575054955287333,0.0,1,0.0057516195326297
NO_TRADE,0.49887567800813654,0.5011243219918634,0.0,0,-0.0246281127811334
NO_TRADE,0.49886509251792627,0.5011349074820738,0.0,0,-0.0351810380406639
NO_TRADE,0.5208488614975323,0.47915113850246777,0.0,1,0.0048443712993138
NO_TRADE,0.5234600822438901,0.4765399177561099,0.0,1,0.0052556877507775
NO_TRADE,0.5093761268660503,0.4906238731339497,0.0,0,-0.0116995725723732
NO_TRADE,0.49522522078523323,0.5047747792147668,0.0,0,-0.0434513741329978
NO_TRADE,0.4989712278917611,0.5010287721082388,0.0,0,-0.0486532329387149
NO_TRADE,0.5014246507581842,0.49857534924181574,0.0,0,-0.0143766267900235
NO_TRADE,0.502933024175915,0.49706697582408504,0.0,0,-0.0060207529746533
NO_TRADE,0.5093539868677682,0.49064601313223183,0.0,0,-0.0060201967058752
NO_TRADE,0.5013181102976266,0.4986818897023733,0.0,0,-0.0565220129658612
NO_TRADE,0.5085870207312855,0.4914129792687145,0.0,0,-0.0298677618869645
NO_TRADE,0.5187416129963637,0.4812583870036364,0.0,1,0.0500020768298225
NO_TRADE,0.5198631061573961,0.48013689384260383,0.0,1,0.0306296754373753
NO_TRADE,0.5096428002483757,0.49035719975162434,0.0,0,-0.0038532199410997
NO_TRADE,0.5171183590778013,0.4828816409221987,0.0,1,0.0065138555085516
NO_TRADE,0.5126445341790941,0.48735546582090605,0.0,1,0.0618411350219778
NO_TRADE,0.5156848916051816,0.48431510839481834,0.0,1,0.0858176528659526
NO_TRADE,0.5161772268829492,0.4838227731170508,0.0,1,0.0281588540648027
NO_TRADE,0.5132011584311664,0.4867988415688336,0.0,0,-0.0059510187303669
NO_TRADE,0.5213404067531736,0.47865959324682644,0.0,1,0.0067835871321613
NO_TRADE,0.5075956564184915,0.4924043435815085,0.0,0,-0.00592456310728
NO_TRADE,0.5056322986984562,0.49436770130154395,0.0,0,-0.0104654831846412
NO_TRADE,0.5116282104038818,0.48837178959611816,0.0,0,-0.0104619076991224
NO_TRADE,0.5170503304962784,0.4829496695037217,0.0,0,-0.0167973111007228
NO_TRADE,0.5235680017681988,0.4764319982318012,0.0,1,0.0163718566829723
NO_TRADE,0.5211714841162184,0.47882851588378167,0.0,1,0.0387292963196947
NO_TRADE,0.5195385079873011,0.4804614920126989,0.0,1,0.0159250001102968
NO_TRADE,0.5123157838739356,0.4876842161260644,0.0,1,0.0176571129160837
NO_TRADE,0.5224039996817623,0.47759600031823757,0.0,1,0.0179476802176062
NO_TRADE,0.49927210249153137,0.5007278975084687,0.0,0,-0.0180355047348927
NO_TRADE,0.5077108488842909,0.4922891511157091,0.0,0,-0.0248822682170785
NO_TRADE,0.5112620609079571,0.48873793909204294,0.0,0,-0.031449496131846
NO_TRADE,0.5054696829297508,0.49453031707024914,0.0,0,-0.0231196269830944
NO_TRADE,0.5160764358784324,0.48392356412156756,0.0,1,0.0033705327351825
NO_TRADE,0.5152560744120848,0.4847439255879151,0.0,1,0.0036177750562368
NO_TRADE,0.5188058898233509,0.4811941101766492,0.0,1,0.003981070001855
NO_TRADE,0.5180298583985091,0.4819701416014908,0.0,1,0.0082125213718818
NO_TRADE,0.5168211091456284,0.48317889085437155,0.0,1,0.0179919010751899
NO_TRADE,0.5165761570500583,0.4834238429499418,0.0,1,0.0518412088238775
NO_TRADE,0.5180969626456968,0.4819030373543032,0.0,1,0.0134047773205182
NO_TRADE,0.50436185143053,0.4956381485694699,0.0,0,-0.026459794491395
NO_TRADE,0.5058515969607739,0.4941484030392262,0.0,0,-0.010637361944558
NO_TRADE,0.5172710873570757,0.48272891264292433,0.0,0,-0.0159683795509961
NO_TRADE,0.5142419613460953,0.48575803865390466,0.0,0,-0.0042551180521261
NO_TRADE,0.5150808824512939,0.48491911754870604,0.0,0,-0.00050748037585
NO_TRADE,0.5104334762085427,0.48956652379145726,0.0,0,-0.0073272029368531
NO_TRADE,0.5128945424681614,0.4871054575318386,0.0,0,-0.0055332175867291
NO_TRADE,0.5116590943425676,0.4883409056574324,0.0,0,-0.0083954757507558
NO_TRADE,0.49615251099371266,0.5038474890062873,0.0,0,-0.0159354890952089
NO_TRADE,0.5070065130647755,0.49299348693522455,0.0,0,-0.011857895368094
NO_TRADE,0.5144544187821979,0.48554558121780217,0.0,0,-6.588687325776799e-05
NO_TRADE,0.5232245543218088,0.4767754456781912,0.0,1,0.0087774064896759
NO_TRADE,0.5188098686922317,0.4811901313077683,0.0,1,0.0044777335758593
NO_TRADE,0.5179561337542062,0.48204386624579376,0.0,1,0.0018310440672658
NO_TRADE,0.5154693978612704,0.4845306021387296,0.0,1,0.0031045147525294
NO_TRADE,0.5077598739200126,0.49224012607998735,0.0,0,-0.0055834352151659
NO_TRADE,0.5080910254133085,0.4919089745866915,0.0,0,-0.0193168848659123
NO_TRADE,0.5037231138908472,0.4962768861091527,0.0,0,-0.0065233614392466
NO_TRADE,0.5192680267319755,0.4807319732680244,0.0,1,0.0003795670660694
NO_TRADE,0.5087155581522053,0.4912844418477947,0.0,0,-0.0094663525110339
NO_TRADE,0.5085390813833652,0.49146091861663477,0.0,0,-0.0043719105672436
NO_TRADE,0.5027768845967938,0.49722311540320624,0.0,0,-0.0021984843050716
NO_TRADE,0.5143523096088397,0.48564769039116035,0.0,0,-0.0013349955770652
NO_TRADE,0.5171054842618196,0.4828945157381805,0.0,1,0.0045903328512849
NO_TRADE,0.5161111277048714,0.4838888722951285,0.0,1,0.0153854989589848
NO_TRADE,0.516934904913608,0.48306509508639195,0.0,1,0.0067173165219942
NO_TRADE,0.5074943140015865,0.49250568599841343,0.0,0,-0.0055717621880395
NO_TRADE,0.5062369719182248,0.49376302808177525,0.0,0,-0.0015485286165554
NO_TRADE,0.5173677639743236,0.48263223602567634,0.0,1,0.0013858416798149
NO_TRADE,0.502847419486807,0.49715258051319305,0.0,0,-0.0018234654765828
NO_TRADE,0.5024281125004016,0.49757188749959846,0.0,0,-0.0055349873869841
NO_TRADE,0.5024803805230124,0.49751961947698753,0.0,0,-0.0127924613764138
NO_TRADE,0.4996659539232873,0.5003340460767127,0.0,0,-0.0408580977947594
NO_TRADE,0.5041533444259776,0.4958466555740224,0.0,0,-0.0835643592408006
NO_TRADE,0.5063548672084011,0.49364513279159894,0.0,0,-0.0576739094086609
NO_TRADE,0.5039725330642179,0.4960274669357821,0.0,0,-0.0021108502230743
NO_TRADE,0.5192630585745018,0.4807369414254981,0.0,1,0.0037470096166524
NO_TRADE,0.5076585228018966,0.4923414771981034,0.0,0,-0.0122857246380935
NO_TRADE,0.5040159320864022,0.49598406791359784,0.0,0,-0.0119517385170855
NO_TRADE,0.5178294795527792,0.48217052044722086,0.0,1,0.0074103287394625
NO_TRADE,0.5120085116960676,0.4879914883039323,0.0,0,-0.0004215577479197
NO_TRADE,0.5066633651514544,0.4933366348485457,0.0,0,-0.0086487943719007
NO_TRADE,0.5054360792504058,0.4945639207495942,0.0,0,-0.0005219608607045
NO_TRADE,0.5010411216816708,0.4989588783183292,0.0,0,-0.0020372171074361
NO_TRADE,0.5275931678845325,0.4724068321154675,0.0,1,0.0164465370886389
NO_TRADE,0.5249814756243146,0.4750185243756854,0.0,1,0.0396223214611139
NO_TRADE,0.5286398771509703,0.4713601228490297,0.0,1,0.0062045823019133
NO_TRADE,0.5183888100687019,0.4816111899312981,0.0,0,-0.0444356020347375
NO_TRADE,0.5131553122891166,0.4868446877108834,0.0,0,-0.0334207032029313
NO_TRADE,0.5084971623796486,0.4915028376203514,0.0,0,-0.0021538457428321
NO_TRADE,0.5090607879444916,0.49093921205550833,0.0,0,-0.0004213110147557
NO_TRADE,0.5091037110154709,0.49089628898452914,0.0,0,-0.0037648552535834
NO_TRADE,0.5098542005240083,0.4901457994759917,0.0,0,-0.0014680939480822
NO_TRADE,0.5140816538770845,0.48591834612291546,0.0,1,0.0035914787906468
NO_TRADE,0.51799738466167,0.48200261533832994,0.0,1,0.0046683571632545
NO_TRADE,0.5164861969582191,0.48351380304178093,0.0,0,-0.0004198140718914
NO_TRADE,0.5035133984694043,0.4964866015305957,0.0,0,-0.008993492624754
NO_TRADE,0.5008764324601714,0.4991235675398285,0.0,0,-0.0304676721584474
NO_TRADE,0.5105919329953467,0.4894080670046534,0.0,0,-0.0219872665100869
NO_TRADE,0.5224950282653237,0.47750497173467626,0.0,1,0.0079147766753116
LONG,0.5312560406945653,0.4687439593054347,0.06251208138913067,1,0.0180318973408526
NO_TRADE,0.5252677890035384,0.47473221099646157,0.0,1,0.0080160691329519
NO_TRADE,0.5277179385842864,0.47228206141571355,0.0,1,0.0008807670992199
NO_TRADE,0.5228933042162537,0.47710669578374637,0.0,1,0.0009571027222893
NO_TRADE,0.5201049065920038,0.47989509340799624,0.0,1,0.0083928597148652
NO_TRADE,0.5032752506809054,0.49672474931909455,0.0,0,-0.0043998608790215
NO_TRADE,0.5041589832447875,0.4958410167552125,0.0,0,-0.0243077200277846
NO_TRADE,0.501548599254556,0.4984514007454441,0.0,0,-0.024382773011313
NO_TRADE,0.5179208432746568,0.48207915672534324,0.0,0,-0.005972907828603
NO_TRADE,0.5120961853275708,0.4879038146724291,0.0,0,-0.0001255838543501
NO_TRADE,0.5096581779693058,0.49034182203069426,0.0,0,-0.0077751125018801
NO_TRADE,0.5059251276521288,0.4940748723478712,0.0,0,-0.0024260343752976
NO_TRADE,0.5154451062970656,0.4845548937029343,0.0,1,0.0117828878450848
NO_TRADE,0.5172857949701118,0.4827142050298881,0.0,1,0.0246300909034024
NO_TRADE,0.5169809642919819,0.483019035708018,0.0,1,0.0402358001881169
NO_TRADE,0.5124394676261649,0.4875605323738352,0.0,1,0.0282156596724425
NO_TRADE,0.5134100337242414,0.4865899662757586,0.0,1,0.009737239401573
NO_TRADE,0.5207454269391473,0.4792545730608526,0.0,1,0.0200662183266515
NO_TRADE,0.5109621243558128,0.48903787564418716,0.0,0,-0.0132580260067759
NO_TRADE,0.5094985014902081,0.4905014985097919,0.0,0,-0.0395448770277001
NO_TRADE,0.5114696870119322,0.4885303129880678,0.0,0,-0.0154545858056969
NO_TRADE,0.5075731570620878,0.49242684293791217,0.0,0,-0.0062002825657913
NO_TRADE,0.5175105588098082,0.4824894411901918,0.0,1,0.0038314915116473
NO_TRADE,0.5051556391434951,0.4948443608565049,0.0,0,-0.0004096860888745
NO_TRADE,0.5013792922711073,0.49862070772889266,0.0,0,-0.022975199624355
NO_TRADE,0.5109255203143471,0.48907447968565293,0.0,0,-0.0338467643305049
NO_TRADE,0.5127279444043764,0.48727205559562353,0.0,0,-0.0240693505089398
NO_TRADE,0.5078148005955215,0.4921851994044785,0.0,0,-0.0181123645358973
NO_TRADE,0.5120481106165199,0.48795188938348016,0.0,0,-0.012972366576182
NO_TRADE,0.519593187409871,0.480406812590129,0.0,1,0.0015582564671634
NO_TRADE,0.5138103783385927,0.4861896216614072,0.0,1,0.0075837354996236
NO_TRADE,0.5128788525634734,0.4871211474365265,0.0,1,0.0171422663228698
NO_TRADE,0.5213500908452602,0.47864990915473976,0.0,1,0.0160927501358332
NO_TRADE,0.5096124375450616,0.4903875624549385,0.0,0,-0.0051935339356287
NO_TRADE,0.5074908009216169,0.49250919907838303,0.0,0,-0.0150814209302888
NO_TRADE,0.5171465966741448,0.4828534033258552,0.0,1,0.0173628272500949
NO_TRADE,0.5200212259518024,0.47997877404819755,0.0,1,0.0354209977005329
NO_TRADE,0.5203255239006436,0.4796744760993564,0.0,1,0.022639895538028
NO_TRADE,0.5173713878473941,0.48262861215260583,0.0,1,0.0456089870798497
NO_TRADE,0.5182696115378002,0.4817303884621999,0.0,1,0.0982400263188538
NO_TRADE,0.5195052300365847,0.4804947699634153,0.0,1,0.0573880165877635
NO_TRADE,0.5220902670333031,0.47790973296669687,0.0,1,0.000284725451113
NO_TRADE,0.500727633579222,0.49927236642077794,0.0,0,-0.0029166887112745
NO_TRADE,0.5021327147907807,0.49786728520921936,0.0,0,-0.0100147857382656
NO_TRADE,0.5162349251287296,0.48376507487127035,0.0,1,0.0026148958594789
NO_TRADE,0.5197757509563111,0.4802242490436888,0.0,1,0.0096338475907362
NO_TRADE,0.5210971532921231,0.47890284670787686,0.0,1,0.0082741073800413
NO_TRADE,0.5261230604377097,0.4738769395622902,0.0,1,0.004520388030314
NO_TRADE,0.5259441692702238,0.4740558307297762,0.0,1,0.0139560293549222
NO_TRADE,0.5153777996850136,0.4846222003149865,0.0,0,-0.0048513802545384
NO_TRADE,0.5211276315113769,0.47887236848862313,0.0,1,0.0043882489887729
NO_TRADE,0.523597226587826,0.4764027734121739,0.0,1,0.0419579186220733
NO_TRADE,0.5254021370815002,0.47459786291849976,0.0,1,0.0299331129180325
NO_TRADE,0.5248269322151496,0.4751730677848504,0.0,1,0.0030832454948878
NO_TRADE,0.5126426091910411,0.48735739080895896,0.0,0,-0.0022891776431044
NO_TRADE,0.5197863838960725,0.4802136161039276,0.0,1,0.0374906161758881
NO_TRADE,0.5196722453601303,0.48032775463986965,0.0,1,0.1069402774597246
NO_TRADE,0.5161360261792819,0.48386397382071816,0.0,1,0.0520642977775239
NO_TRADE,0.5131958964965154,0.4868041035034847,0.0,0,-0.0240281670946859
NO_TRADE,0.5238464813727336,0.47615351862726646,0.0,1,0.0002402934817047
NO_TRADE,0.5081197358146109,0.49188026418538905,0.0,0,-0.008432729827286
NO_TRADE,0.5030115021789396,0.49698849782106036,0.0,0,-0.0282276329497053
NO_TRADE,0.5070686960861234,0.4929313039138766,0.0,0,-0.0028027033813257
NO_TRADE,0.5077364694095771,0.4922635305904229,0.0,0,-0.0222816714562629
NO_TRADE,0.5070913832812215,0.49290861671877845,0.0,0,-0.0397561940132471
NO_TRADE,0.5213480844418127,0.47865191555818726,0.0,1,0.0013191422697957
NO_TRADE,0.517809885713361,0.482190114286639,0.0,1,0.0369197228764596
NO_TRADE,0.5152372529632679,0.48476274703673217,0.0,1,0.0200680857898677
NO_TRADE,0.5094069096737884,0.49059309032621146,0.0,0,-0.0039185885066457
NO_TRADE,0.5225726234484999,0.4774273765515001,0.0,1,0.0291490624911306
NO_TRADE,0.5164030359771596,0.4835969640228404,0.0,1,0.0351171383118342
NO_TRADE,0.5161289139064281,0.4838710860935718,0.0,1,0.0093247867702722
NO_TRADE,0.5055403459927841,0.4944596540072159,0.0,0,-0.0053882194235908
NO_TRADE,0.5054910964622988,0.4945089035377011,0.0,0,-0.0241728861904831
NO_TRADE,0.5110537210094731,0.48894627899052684,0.0,0,-0.0203790261797272
NO_TRADE,0.5195735321460773,0.4804264678539227,0.0,1,0.007215706997686
NO_TRADE,0.5247741738507302,0.4752258261492697,0.0,1,0.0010043868376483
NO_TRADE,0.5220029075801172,0.4779970924198828,0.0,1,0.0200055841003744
NO_TRADE,0.5154732908119671,0.4845267091880329,0.0,1,0.0364611555017618
NO_TRADE,0.5211423986321891,0.4788576013678109,0.0,1,0.0358822457349119
NO_TRADE,0.5173414075186392,0.48265859248136084,0.0,1,0.0552556730381978
NO_TRADE,0.5153858783574393,0.48461412164256074,0.0,1,0.0325602149886447
NO_TRADE,0.517996559268154,0.48200344073184603,0.0,1,0.01703022362946
NO_TRADE,0.5188118168523831,0.48118818314761697,0.0,1,0.0196222892666888
NO_TRADE,0.5146429363520086,0.48535706364799136,0.0,1,0.0395645533609848
NO_TRADE,0.517087662273115,0.4829123377268851,0.0,1,0.0342637351672203
NO_TRADE,0.5129132602069381,0.487086739793062,0.0,0,-0.0048050820175911
NO_TRADE,0.509354240468126,0.4906457595318739,0.0,0,-0.051732804058861
NO_TRADE,0.5061121835166079,0.493887816483392,0.0,0,-0.0603744533044685
NO_TRADE,0.5099147798513187,0.49008522014868133,0.0,0,-0.0195964500738365
NO_TRADE,0.5149551877258683,0.4850448122741316,0.0,1,0.0295648809643541
NO_TRADE,0.515255467034535,0.484744532965465,0.0,1,0.0297448588422298
NO_TRADE,0.5042705242991373,0.4957294757008626,0.0,0,-0.0157804055994962
NO_TRADE,0.5071000034985106,0.49289999650148936,0.0,0,-0.0195856866884399
NO_TRADE,0.5071497465563746,0.49285025344362543,0.0,0,-0.0326900338951411
NO_TRADE,0.5068506735776935,0.4931493264223066,0.0,0,-0.0029259442430147
NO_TRADE,0.5243429554095043,0.47565704459049574,0.0,1,0.017155465830835
NO_TRADE,0.5153025743496108,0.4846974256503893,0.0,1,0.0035951812455391
NO_TRADE,0.5185789478806766,0.4814210521193234,0.0,1,0.0371109909850241
NO_TRADE,0.5152301775344666,0.4847698224655333,0.0,1,0.0320079648924457
NO_TRADE,0.5240665641676591,0.475933435832341,0.0,1,0.0009440019999152
NO_TRADE,0.5076264407429151,0.4923735592570848,0.0,0,-0.007172088624805
NO_TRADE,0.5088435297461862,0.4911564702538138,0.0,0,-0.024300616891602
NO_TRADE,0.5207841000911652,0.4792158999088348,0.0,1,0.0029977054231479
NO_TRADE,0.5263921437284788,0.4736078562715213,0.0,1,0.0630017447021589
NO_TRADE,0.5228525424729105,0.47714745752708954,0.0,1,0.0233512612645923
NO_TRADE,0.5164804101229704,0.48351958987702953,0.0,0,-0.0371473212929684
NO_TRADE,0.512722662046715,0.48727733795328493,0.0,0,-0.0185508439117283
NO_TRADE,0.5190162140798723,0.48098378592012764,0.0,1,0.0022875408294686
NO_TRADE,0.5181268880630197,0.4818731119369803,0.0,1,0.0364776481386361
NO_TRADE,0.5196244913879169,0.4803755086120831,0.0,0,-0.0024225549046496
NO_TRADE,0.5120708005970932,0.48792919940290674,0.0,0,-0.0585150915208165
NO_TRADE,0.5144132810053578,0.4855867189946421,0.0,0,-0.0227372022815469
NO_TRADE,0.5108259443914017,0.48917405560859833,0.0,0,-0.0003209831559369
NO_TRADE,0.513949869003628,0.4860501309963719,0.0,0,-0.0016207884344932
NO_TRADE,0.5115221422829964,0.4884778577170035,0.0,1,0.0040732341316443
NO_TRADE,0.5236239659386365,0.4763760340613635,0.0,1,0.0226960578922989
NO_TRADE,0.5243526757245102,0.4756473242754898,0.0,1,0.0666568886193443
NO_TRADE,0.5191688909418256,0.48083110905817433,0.0,1,0.1292611694817732
NO_TRADE,0.5257143014626,0.4742856985374,0.0,1,0.0789378507849156
NO_TRADE,0.5150978942687033,0.4849021057312968,0.0,0,-0.0234404645908101
NO_TRADE,0.5064577152791182,0.49354228472088185,0.0,0,-0.0257366750639206
NO_TRADE,0.5095730634225345,0.49042693657746556,0.0,0,-0.0121946892399667
NO_TRADE,0.5160287651924591,0.4839712348075409,0.0,1,0.0014966641011998
NO_TRADE,0.5187559512651075,0.48124404873489257,0.0,1,0.0128229681315823
NO_TRADE,0.509987343866298,0.4900126561337021,0.0,0,-0.0148806975062909
NO_TRADE,0.5100028883424169,0.4899971116575832,0.0,0,-0.031106388926569
NO_TRADE,0.5147947124391773,0.48520528756082276,0.0,0,-0.0142261610559396
NO_TRADE,0.5093860835311227,0.49061391646887725,0.0,0,-0.0006834460527674
NO_TRADE,0.5117776233241574,0.4882223766758425,0.0,0,-0.0331615884662379
NO_TRADE,0.5123323712049984,0.48766762879500164,0.0,0,-0.090489934755464
NO_TRADE,0.5149592150566674,0.4850407849433325,0.0,0,-0.0703503220709218
NO_TRADE,0.5116516458593546,0.48834835414064526,0.0,0,-0.0189228901585035
NO_TRADE,0.5160549986225688,0.4839450013774312,0.0,1,0.0045251212677078
LONG,0.5305250563028318,0.4694749436971682,0.06105011260566351,1,0.0233059917271454
NO_TRADE,0.518739794395813,0.481260205604187,0.0,1,0.0166349705436937
NO_TRADE,0.5245045102948974,0.4754954897051025,0.0,1,0.0029199021007379
NO_TRADE,0.5204829399706097,0.4795170600293903,0.0,1,0.0232849499542468
LONG,0.5300693291061034,0.46993067089389656,0.060138658212206764,1,0.020731716234635
NO_TRADE,0.507292979364391,0.492707020635609,0.0,0,-0.0225131207140565
NO_TRADE,0.5203406141223653,0.4796593858776346,0.0,0,-0.0078673061601455
NO_TRADE,0.5203016065311742,0.4796983934688259,0.0,1,0.0138198820933855
NO_TRADE,0.5093656191019394,0.49063438089806044,0.0,0,-0.0023393794032988
NO_TRADE,0.501405861678344,0.4985941383216561,0.0,0,-0.0038345551281648
NO_TRADE,0.5174895569757941,0.4825104430242059,0.0,1,0.0155411446295607
NO_TRADE,0.5201438285668627,0.47985617143313725,0.0,1,0.0346669690712434
NO_TRADE,0.5243439152381467,0.4756560847618532,0.0,1,0.039239266726846
NO_TRADE,0.5188629397410395,0.4811370602589606,0.0,1,0.0379642958444312
NO_TRADE,0.5177232066862526,0.48227679331374745,0.0,1,0.0277913512865462
NO_TRADE,0.5164039103813215,0.4835960896186786,0.0,1,0.0164139835008095
NO_TRADE,0.5231913902134792,0.4768086097865208,0.0,1,0.015629678170973
NO_TRADE,0.5236419221635136,0.4763580778364864,0.0,1,0.0512113185773009
NO_TRADE,0.5287038001758129,0.47129619982418713,0.0,1,0.0667995399299702
NO_TRADE,0.5292312988974133,0.47076870110258673,0.0,1,0.0584339107551598
NO_TRADE,0.5200957376919989,0.479904262308001,0.0,1,0.0377434829143907
NO_TRADE,0.5101072515460926,0.48989274845390735,0.0,0,-0.0093736715528191
NO_TRADE,0.5044152322945284,0.49558476770547166,0.0,0,-0.0026621257182764
NO_TRADE,0.5215202190430501,0.4784797809569498,0.0,1,0.0458119174763397
NO_TRADE,0.5208444818315868,0.47915551816841323,0.0,1,0.0453971657286252
NO_TRADE,0.5240910730395885,0.47590892696041154,0.0,1,0.0104033385102969
NO_TRADE,0.5169553428863652,0.4830446571136348,0.0,1,0.0114255613520679
NO_TRADE,0.5152106835500395,0.48478931644996043,0.0,1,0.0017760669044481
NO_TRADE,0.5014577406532501,0.49854225934674984,0.0,0,-0.0045198598421613
NO_TRADE,0.5120633375026652,0.48793666249733486,0.0,1,0.0319867933750427
NO_TRADE,0.5170532634385006,0.48294673656149945,0.0,1,0.0516983748287373
NO_TRADE,0.5066523181243245,0.49334768187567546,0.0,1,0.0613987876766116
NO_TRADE,0.5125610662356043,0.4874389337643957,0.0,1,0.0606830082652021
NO_TRADE,0.5040079671295595,0.4959920328704405,0.0,1,0.0597646614760703
NO_TRADE,0.499611270688394,0.5003887293116059,0.0,1,0.0280032159849444
NO_TRADE,0.49968900512057374,0.5003109948794263,0.0,0,-0.0023934493437455
NO_TRADE,0.5070958356456051,0.49290416435439494,0.0,1,0.0091437455128539
NO_TRADE,0.5051488604928708,0.4948511395071293,0.0,1,0.0277075029004112
NO_TRADE,0.501365422575794,0.498634577424206,0.0,1,0.062940795386338
NO_TRADE,0.510326003119368,0.4896739968806319,0.0,1,0.0653555066763677
NO_TRADE,0.5066340369152521,0.49336596308474795,0.0,1,0.0433853810609116
NO_TRADE,0.5073564575667721,0.4926435424332279,0.0,1,0.044290409846136
NO_TRADE,0.4994279970642828,0.5005720029357171,0.0,1,0.0250068065515015
NO_TRADE,0.5006528102266841,0.49934718977331594,0.0,0,-0.001512188019582
NO_TRADE,0.5006456059532881,0.49935439404671184,0.0,1,0.0146863346966288
NO_TRADE,0.5012063330914462,0.49879366690855376,0.0,1,0.0205836550673853
NO_TRADE,0.4999933345990197,0.5000066654009804,0.0,1,0.0098077598771781
NO_TRADE,0.5297235495784964,0.47027645042150357,0.0,0,-0.0202026641683901
NO_TRADE,0.5223683540880876,0.4776316459119125,0.0,0,-0.0751569236241485
NO_TRADE,0.5209789488678004,0.47902105113219956,0.0,0,-0.0645116713382187
NO_TRADE,0.5223587553476579,0.47764124465234215,0.0,0,-0.0409039589392092
NO_TRADE,0.5208697154343266,0.47913028456567347,0.0,0,-0.032323250533856
NO_TRADE,0.5176619079243264,0.48233809207567363,0.0,0,-0.0712351457799593
NO_TRADE,0.5178133508162248,0.4821866491837752,0.0,0,-0.0835262072510916
NO_TRADE,0.5129237182378693,0.48707628176213075,0.0,1,0.0526071874904134
NO_TRADE,0.5135723041169328,0.4864276958830673,0.0,1,0.0404722721803777
NO_TRADE,0.5190185647455778,0.48098143525442216,0.0,0,-0.0417630221617507
NO_TRADE,0.5185343060959037,0.48146569390409627,0.0,0,-0.0122563295505203
NO_TRADE,0.5111657574494948,0.4888342425505052,0.0,1,0.0435327896394725
NO_TRADE,0.5066345798106683,0.49336542018933177,0.0,1,0.0688210010849234
NO_TRADE,0.5136795558582253,0.4863204441417747,0.0,1,0.0126834962849066
NO_TRADE,0.5132569868711309,0.4867430131288692,0.0,0,-0.0161034559059858
NO_TRADE,0.5180615469140211,0.48193845308597894,0.0,0,-0.0072191055446948
NO_TRADE,0.5266237028598381,0.47337629714016205,0.0,0,-0.0093866578530424
NO_TRADE,0.5080833887083539,0.49191661129164616,0.0,1,0.0177743329630286
NO_TRADE,0.5099075096260048,0.49009249037399516,0.0,1,0.0043342536047464
NO_TRADE,0.5159499119495203,0.48405008805047967,0.0,0,-0.0757871508137108
NO_TRADE,0.5245691853243851,0.47543081467561493,0.0,0,-0.0641137253668177
NO_TRADE,0.5167935522264231,0.48320644777357696,0.0,1,0.0005668957216793
NO_TRADE,0.517360054154592,0.48263994584540804,0.0,0,-0.0047688668695441
NO_TRADE,0.5128729240157398,0.48712707598426025,0.0,1,0.0007829406925103
NO_TRADE,0.5126629795985272,0.4873370204014728,0.0,1,0.0267776272919907
NO_TRADE,0.5103131475852495,0.4896868524147506,0.0,1,0.067660396132055
NO_TRADE,0.5123136067333786,0.4876863932666214,0.0,1,0.0611067898440047
NO_TRADE,0.5171080123785973,0.4828919876214028,0.0,0,-0.0182082687476149
NO_TRADE,0.517713548311246,0.48228645168875395,0.0,0,-0.0179524044421919
NO_TRADE,0.5156678417566606,0.4843321582433393,0.0,0,-0.0202576775849049
NO_TRADE,0.5163066152907639,0.4836933847092361,0.0,0,-0.0995995998186981
NO_TRADE,0.5157523704465916,0.4842476295534084,0.0,0,-0.1193117004399487
NO_TRADE,0.5173591998251564,0.4826408001748435,0.0,0,-0.0119847455305825
NO_TRADE,0.5148618283069722,0.48513817169302764,0.0,1,0.0064202772099363
NO_TRADE,0.5211154852864602,0.4788845147135397,0.0,0,-0.039382738305407
NO_TRADE,0.5142745538475212,0.4857254461524789,0.0,0,-0.0146281106314854
NO_TRADE,0.515934549908282,0.48406545009171803,0.0,1,0.0063208499286892
NO_TRADE,0.5096258391223182,0.4903741608776817,0.0,1,0.0187642539225511
NO_TRADE,0.5082138183052404,0.4917861816947597,0.0,1,0.0312579231817302
NO_TRADE,0.5098406865673385,0.49015931343266156,0.0,1,0.0345728060364279
NO_TRADE,0.5109813285874126,0.4890186714125873,0.0,1,0.012821464200972
NO_TRADE,0.5101282707296605,0.48987172927033945,0.0,1,0.0070528474561119
NO_TRADE,0.5168307204022956,0.48316927959770445,0.0,0,-0.0178388223738661
NO_TRADE,0.5204618715676474,0.47953812843235255,0.0,0,-0.0236209026059671
NO_TRADE,0.5123586819733416,0.4876413180266584,0.0,1,0.0031638507827936
NO_TRADE,0.509552333916579,0.4904476660834211,0.0,1,0.0507629602552876
NO_TRADE,0.5119280592500801,0.4880719407499199,0.0,1,0.0118010881076857
NO_TRADE,0.5180579833579774,0.4819420166420227,0.0,0,-0.0727768308048906
NO_TRADE,0.5131477042376055,0.4868522957623946,0.0,0,-0.0829072396722376
NO_TRADE,0.5206802927404562,0.4793197072595438,0.0,0,-0.0369624237019593
NO_TRADE,0.5055901914340369,0.494409808565963,0.0,1,0.030685715395409
NO_TRADE,0.5094298014066166,0.4905701985933833,0.0,1,0.0528014269198127
NO_TRADE,0.5134539100753893,0.48654608992461074,0.0,1,0.0312712352928372
NO_TRADE,0.512001415704663,0.487998584295337,0.0,1,0.0015424268735374
NO_TRADE,0.5192464316851084,0.4807535683148915,0.0,0,-0.0174965746326193
NO_TRADE,0.5159730322667425,0.48402696773325743,0.0,0,-0.0392367121980804
NO_TRADE,0.5175545877785965,0.4824454122214035,0.0,0,-0.0246298931733061
NO_TRADE,0.5208348322531958,0.4791651677468041,0.0,0,-0.0064645521074173
NO_TRADE,0.5226649930108402,0.47733500698915976,0.0,0,-0.0273594722127366
NO_TRADE,0.5143921639772541,0.4856078360227459,0.0,0,-0.0207649667062518
NO_TRADE,0.5106437426110256,0.4893562573889743,0.0,1,0.0081704878196224
NO_TRADE,0.5238939913711553,0.4761060086288446,0.0,0,-0.0043353350545769
NO_TRADE,0.5142851994125317,0.4857148005874683,0.0,1,0.0002805889570041
NO_TRADE,0.5097600579032516,0.4902399420967483,0.0,1,0.0249598177020058
NO_TRADE,0.5196755641348572,0.48032443586514284,0.0,1,0.030187408125675
NO_TRADE,0.516028639438726,0.4839713605612741,0.0,1,0.0418845482650208
NO_TRADE,0.5172083098580061,0.4827916901419938,0.0,1,0.0214984287103228
NO_TRADE,0.5146057026246614,0.4853942973753386,0.0,1,0.0198868150210685
NO_TRADE,0.5159176168468388,0.48408238315316127,0.0,1,0.1830689368832369
NO_TRADE,0.5092125553716308,0.49078744462836915,0.0,1,0.1660575093965931
NO_TRADE,0.5158184540349087,0.48418154596509133,0.0,1,0.020006352407395
NO_TRADE,0.5254102592421727,0.4745897407578273,0.0,0,-0.0049520367011907
NO_TRADE,0.5205514318685955,0.4794485681314045,0.0,0,-0.0133596477826116
NO_TRADE,0.5069650325502945,0.4930349674497056,0.0,1,0.0193675506267084
NO_TRADE,0.5113282781333156,0.48867172186668445,0.0,1,0.0420231671943015
NO_TRADE,0.5086887200458915,0.49131127995410856,0.0,1,0.0133655374282736
NO_TRADE,0.5171965564561319,0.4828034435438681,0.0,0,-0.0261795939804372
NO_TRADE,0.5278894181053918,0.47211058189460814,0.0,0,-0.0241973673521088
NO_TRADE,0.5217395631451053,0.4782604368548948,0.0,0,-0.0103695520834073
NO_TRADE,0.5107377090706576,0.4892622909293423,0.0,1,0.0069726621737426
NO_TRADE,0.5134262494430821,0.4865737505569179,0.0,1,0.0079621309844125
NO_TRADE,0.504455406811703,0.49554459318829697,0.0,1,0.0020485870827939
NO_TRADE,0.5147935646771172,0.4852064353228827,0.0,0,-0.0030067611043107
NO_TRADE,0.5137604010213305,0.4862395989786695,0.0,1,0.0058634585879229
NO_TRADE,0.5143251297635159,0.48567487023648415,0.0,1,0.0151893868137532
NO_TRADE,0.5248675865031651,0.4751324134968349,0.0,0,-0.0103705381416887
NO_TRADE,0.5242949814335792,0.47570501856642067,0.0,0,-0.0411755100016401
NO_TRADE,0.5250407611549774,0.47495923884502256,0.0,0,-0.0237950802026446
NO_TRADE,0.5210440208537028,0.47895597914629723,0.0,0,-0.0015144861009524
NO_TRADE,0.5244782689267223,0.4755217310732777,0.0,0,-0.0430676965820238
NO_TRADE,0.522311357543067,0.47768864245693304,0.0,0,-0.0356655475007076
NO_TRADE,0.5249929045356444,0.47500709546435554,0.0,0,-0.0108435167021613
NO_TRADE,0.5244293297581417,0.4755706702418583,0.0,0,-0.0210252089041371
NO_TRADE,0.5114439288927456,0.48855607110725435,0.0,1,0.0107396166105065
NO_TRADE,0.5138617000100579,0.4861382999899421,0.0,1,0.0274513475128471
NO_TRADE,0.5067763386204698,0.4932236613795302,0.0,1,0.0034364378359756
NO_TRADE,0.52093559023387,0.47906440976613,0.0,0,-0.0400166457475639
NO_TRADE,0.5210488418238538,0.47895115817614614,0.0,0,-0.0014636420051974
NO_TRADE,0.5150687345578282,0.4849312654421718,0.0,1,0.0336604392981925
NO_TRADE,0.518055742482071,0.4819442575179289,0.0,0,-0.0112201177666763
NO_TRADE,0.5190478706145597,0.48095212938544035,0.0,0,-0.0149047726558626
NO_TRADE,0.528691004013167,0.4713089959868329,0.0,0,-0.0045442644074906
NO_TRADE,0.5267279789591804,0.47327202104081945,0.0,0,-0.0459797552629653
NO_TRADE,0.5241838832158646,0.4758161167841353,0.0,0,-0.0308157373388913
NO_TRADE,0.5082058643433197,0.4917941356566804,0.0,1,0.0125444948844247
NO_TRADE,0.508381744398395,0.49161825560160494,0.0,1,0.0088183273909339
NO_TRADE,0.5101794206012236,0.48982057939877643,0.0,1,0.0109746914979417
NO_TRADE,0.5155320066920925,0.48446799330790746,0.0,0,-0.0077101632936407
NO_TRADE,0.5161576632376236,0.4838423367623765,0.0,0,-0.0094623463977541
NO_TRADE,0.5017011156256114,0.4982988843743887,0.0,1,0.025351187479708
NO_TRADE,0.5085879325040422,0.49141206749595784,0.0,1,0.0131148085601106
NO_TRADE,0.518577995716123,0.48142200428387705,0.0,0,-0.0420846551307993
NO_TRADE,0.5157700433590587,0.4842299566409413,0.0,0,-0.0779737620504544
NO_TRADE,0.5212495930668051,0.4787504069331949,0.0,0,-0.1181966192448843
NO_TRADE,0.5182638070503485,0.4817361929496515,0.0,0,-0.0530826558596289
NO_TRADE,0.5128691175199246,0.48713088248007547,0.0,1,0.0172583423481523
NO_TRADE,0.5221578080641746,0.4778421919358254,0.0,0,-0.0133892666181282
NO_TRADE,0.5067688387905184,0.49323116120948174,0.0,1,0.0178901249626825
NO_TRADE,0.5088442281763941,0.49115577182360587,0.0,1,0.0410136745384332
NO_TRADE,0.5047750940999925,0.49522490590000756,0.0,1,0.0189240587941846
NO_TRADE,0.5103184870627198,0.48968151293728024,0.0,1,0.0015139615758546
NO_TRADE,0.5123388444482059,0.48766115555179423,0.0,1,0.0086121082820088
NO_TRADE,0.5066626243645374,0.49333737563546265,0.0,1,0.0307519674442594
NO_TRADE,0.5116111255599578,0.4883888744400422,0.0,1,0.0645686627494039
NO_TRADE,0.5107770236110162,0.4892229763889839,0.0,1,0.0730000798534316
NO_TRADE,0.5165551323295253,0.48344486767047473,0.0,1,0.028466376003926
NO_TRADE,0.5204395359778138,0.4795604640221862,0.0,0,-0.0031257379304972
NO_TRADE,0.5229419512626525,0.4770580487373475,0.0,0,-0.0025972533588957
NO_TRADE,0.502474936047705,0.497525063952295,0.0,1,0.0211114076803359
NO_TRADE,0.5081237835436129,0.4918762164563872,0.0,1,0.016006713761099
NO_TRADE,0.5212411043774708,0.47875889562252905,0.0,0,-0.0037973515428155
NO_TRADE,0.5239557737819047,0.4760442262180953,0.0,0,-0.0082798759362836
NO_TRADE,0.5286638603323799,0.4713361396676201,0.0,0,-0.017849236334912
NO_TRADE,0.5285253293832586,0.4714746706167414,0.0,0,-0.0909774655918461
NO_TRADE,0.52315144100322,0.4768485589967801,0.0,0,-0.0535798845798344
NO_TRADE,0.5131257228619984,0.4868742771380015,0.0,1,0.0307650737711066
NO_TRADE,0.5120083321072845,0.4879916678927155,0.0,1,0.0010126936833744
NO_TRADE,0.5123694175596766,0.4876305824403235,0.0,1,0.0202631269431232
NO_TRADE,0.507836111080236,0.492163888919764,0.0,1,0.018510900986885
NO_TRADE,0.5194146812981492,0.4805853187018509,0.0,0,-0.0131113676295485
NO_TRADE,0.5185440185500455,0.48145598144995444,0.0,0,-0.0440985742179174
NO_TRADE,0.516677037727613,0.4833229622723871,0.0,0,-0.0592380050855662
NO_TRADE,0.5151629519561599,0.48483704804384,0.0,0,-0.0703388021807196
NO_TRADE,0.5202763125943638,0.47972368740563615,0.0,0,-0.0854688203328561
NO_TRADE,0.5217049791576652,0.47829502084233483,0.0,0,-0.2173743480318676
NO_TRADE,0.5216084401658696,0.4783915598341304,0.0,0,-0.1321572636136178
NO_TRADE,0.5063996359327777,0.49360036406722224,0.0,1,0.0276966903873427
NO_TRADE,0.5215996488287162,0.47840035117128377,0.0,0,-0.0044310333430591
NO_TRADE,0.5136582591262393,0.4863417408737607,0.0,1,0.0749396759898617
NO_TRADE,0.5088163654364313,0.4911836345635687,0.0,1,0.0496633989333147
NO_TRADE,0.5183911455967362,0.4816088544032639,0.0,0,-0.0012836751604909
NO_TRADE,0.5101208074500297,0.4898791925499702,0.0,1,0.0026805158409668
NO_TRADE,0.5061735653218467,0.49382643467815335,0.0,1,0.0175417913602868
NO_TRADE,0.5048079705976244,0.49519202940237567,0.0,1,0.0295325446023087
NO_TRADE,0.5210060736357945,0.4789939263642055,0.0,0,-0.0214879984065623
NO_TRADE,0.5168367085284703,0.48316329147152964,0.0,0,-0.0371941872689014
NO_TRADE,0.5179289452964141,0.48207105470358586,0.0,0,-0.0056013064170459
NO_TRADE,0.5113333610508267,0.48866663894917317,0.0,1,0.0151014094052728
NO_TRADE,0.5065062841521578,0.49349371584784224,0.0,1,0.0011989620048711
NO_TRADE,0.5194442361675913,0.4805557638324088,0.0,0,-0.0035046656894846
NO_TRADE,0.520050318443087,0.4799496815569129,0.0,0,-0.0032214888283614
NO_TRADE,0.5201192425390587,0.47988075746094133,0.0,0,-0.0029983950594926
NO_TRADE,0.5139020088635321,0.48609799113646784,0.0,1,0.0312590557934627
NO_TRADE,0.5128734311746809,0.4871265688253191,0.0,1,0.0538219540465123
NO_TRADE,0.5114768018786432,0.48852319812135675,0.0,1,0.0297563341036571
NO_TRADE,0.5136212596313935,0.48637874036860645,0.0,0,-0.0155327017959232
NO_TRADE,0.5234596833647519,0.47654031663524804,0.0,0,-0.0533928224040257
NO_TRADE,0.5214946429228148,0.47850535707718517,0.0,0,-0.0880951371525464
NO_TRADE,0.5214117241642647,0.4785882758357353,0.0,0,-0.0295801244839787
NO_TRADE,0.5143103601470704,0.48568963985292957,0.0,1,0.0065720227242096
NO_TRADE,0.5222814140648078,0.47771858593519223,0.0,0,-0.0103416663620695
NO_TRADE,0.51656145905022,0.48343854094977995,0.0,0,-0.0135447363024479
NO_TRADE,0.5226434528702739,0.4773565471297261,0.0,0,-0.0104142627517988
NO_TRADE,0.5054598672201074,0.4945401327798926,0.0,1,0.0060195838938591
NO_TRADE,0.5171069566248961,0.4828930433751039,0.0,0,-0.0324273351403398
NO_TRADE,0.5176202142168883,0.48237978578311164,0.0,0,-0.0376308599088315
NO_TRADE,0.5188945168786958,0.4811054831213042,0.0,0,-0.0376005664439508
NO_TRADE,0.5192998262256466,0.4807001737743534,0.0,0,-0.0554438810251429
NO_TRADE,0.5190446970236273,0.4809553029763727,0.0,0,-0.017113021708615
NO_TRADE,0.510629031873588,0.489370968126412,0.0,1,0.021025464393973
NO_TRADE,0.5145758155516522,0.4854241844483478,0.0,1,0.0298756719034015
NO_TRADE,0.5159485188118698,0.48405148118813024,0.0,1,0.008690808510989
NO_TRADE,0.5154992029502484,0.48450079704975163,0.0,0,-0.0005613306513103
NO_TRADE,0.5126611233421675,0.48733887665783254,0.0,1,0.0167820640845164
NO_TRADE,0.5073092969308776,0.4926907030691224,0.0,1,0.0286380681459046
NO_TRADE,0.5075235288662838,0.4924764711337161,0.0,1,0.009029929811451
NO_TRADE,0.519896506902125,0.480103493097875,0.0,0,-0.054160090627901
LONG,0.5303327319697032,0.46966726803029674,0.06066546393940642,0,-0.033510215692069
NO_TRADE,0.5127801115328797,0.4872198884671202,0.0,1,0.0116065844660869
NO_TRADE,0.5140122613639542,0.48598773863604583,0.0,1,0.0473579152949931
NO_TRADE,0.5126094657676306,0.48739053423236944,0.0,1,0.0871457526616176
NO_TRADE,0.5078424031181733,0.49215759688182675,0.0,1,0.0501912393386011
NO_TRADE,0.508344535272979,0.49165546472702104,0.0,1,0.0208170174691567
NO_TRADE,0.505126183938165,0.49487381606183495,0.0,1,0.0352955795330123
NO_TRADE,0.5050172089006036,0.4949827910993963,0.0,1,0.0207825027761807
NO_TRADE,0.5212722197010146,0.4787277802989854,0.0,0,-0.0140661875646443
NO_TRADE,0.5259198437972902,0.4740801562027099,0.0,0,-0.0062113183663986
NO_TRADE,0.5155780586162931,0.4844219413837069,0.0,1,0.0201989342297174
NO_TRADE,0.5133284822934477,0.4866715177065523,0.0,1,0.0216361478833925
NO_TRADE,0.5185805801335771,0.48141941986642284,0.0,0,-0.0024311489564648
NO_TRADE,0.5195273538030393,0.4804726461969607,0.0,0,-0.0223929885013846
NO_TRADE,0.5209973481356892,0.47900265186431074,0.0,0,-0.0319349186976588
NO_TRADE,0.5228754204093933,0.47712457959060667,0.0,0,-0.068166108222602
NO_TRADE,0.52295457858128,0.47704542141872003,0.0,0,-0.088364041437197
NO_TRADE,0.5167622623384543,0.4832377376615457,0.0,0,-0.0234576950444834
NO_TRADE,0.5141117303959096,0.48588826960409043,0.0,1,0.0222103533862009
NO_TRADE,0.5137572110562573,0.4862427889437428,0.0,1,0.0154153792552774
NO_TRADE,0.5104483477324938,0.48955165226750613,0.0,1,0.0233990845026392
NO_TRADE,0.5079689671144497,0.49203103288555017,0.0,1,0.0031309267569142
NO_TRADE,0.5225491973176316,0.47745080268236845,0.0,0,-0.0167969376212466
NO_TRADE,0.5183040834652116,0.48169591653478844,0.0,0,-0.0214650836753119
NO_TRADE,0.5244829555982702,0.47551704440172976,0.0,0,-0.0022737903381315
NO_TRADE,0.5076903887803379,0.49230961121966205,0.0,1,0.0306426320154362
NO_TRADE,0.5099043400852905,0.4900956599147095,0.0,1,0.0158391883691729
NO_TRADE,0.5052663512957044,0.49473364870429554,0.0,1,0.0396563561293892
NO_TRADE,0.5058353517428945,0.49416464825710554,0.0,1,0.0567474749550078
NO_TRADE,0.5091909103303341,0.4908090896696659,0.0,1,0.0226239763681969
NO_TRADE,0.5108840855457921,0.4891159144542079,0.0,1,0.0035904875230508
NO_TRADE,0.5103352806453122,0.48966471935468786,0.0,1,0.0066768687085009
NO_TRADE,0.5111609011779928,0.4888390988220072,0.0,1,0.0108108677418291
NO_TRADE,0.5080322307871091,0.491967769212891,0.0,1,0.0139013004897962
NO_TRADE,0.5126007010002104,0.48739929899978973,0.0,1,0.022702455676597
NO_TRADE,0.524441669698314,0.4755583303016861,0.0,0,-0.0131395851217114
NO_TRADE,0.5274992772096591,0.472500722790341,0.0,0,-0.0528653303143047
NO_TRADE,0.521102273945366,0.47889772605463393,0.0,0,-0.0393545236417648
NO_TRADE,0.5179184300945326,0.4820815699054674,0.0,0,-0.0212300564891618
NO_TRADE,0.5154317098379441,0.4845682901620559,0.0,0,-0.0280241790891277
NO_TRADE,0.5200434637177347,0.4799565362822653,0.0,0,-0.0110786343536711
NO_TRADE,0.5116026084671836,0.4883973915328163,0.0,1,0.0193767809296298
NO_TRADE,0.5136446958327965,0.4863553041672035,0.0,1,0.0542626650088051
NO_TRADE,0.5156885304337931,0.4843114695662068,0.0,1,0.0594710202137149
NO_TRADE,0.5177889385565947,0.48221106144340536,0.0,0,-0.0075622218796491
NO_TRADE,0.5158191141131439,0.4841808858868562,0.0,0,-0.0580629427015331
NO_TRADE,0.5164194478921901,0.48358055210780987,0.0,0,-0.0407078130602019
NO_TRADE,0.5121723669486435,0.48782763305135646,0.0,0,-0.0248538362731819
NO_TRADE,0.5159215042015752,0.48407849579842477,0.0,0,-0.0200660384508035
NO_TRADE,0.5123587364184322,0.48764126358156784,0.0,0,-0.0086416731646895
NO_TRADE,0.5108763022648835,0.48912369773511655,0.0,1,0.0659988446692415
NO_TRADE,0.5168537943833239,0.483146205616676,0.0,1,0.1517768206828189
NO_TRADE,0.5073777247534824,0.49262227524651747,0.0,1,0.1114231958650434
NO_TRADE,0.5067002115280341,0.49329978847196587,0.0,1,0.0695482589393435
NO_TRADE,0.5086098025860925,0.4913901974139076,0.0,1,0.0840206184176786
NO_TRADE,0.5114484548765635,0.4885515451234365,0.0,1,0.060260670005066
NO_TRADE,0.5123555914895143,0.4876444085104857,0.0,1,0.0382442614577513
NO_TRADE,0.5236595281277664,0.47634047187223355,0.0,0,-0.0038029827059376
NO_TRADE,0.5139733931735043,0.4860266068264956,0.0,0,-0.0412866494985628
NO_TRADE,0.51874824148152,0.48125175851848007,0.0,0,-0.0453107082248143
NO_TRADE,0.5249945483817441,0.47500545161825586,0.0,0,-0.009319996848058
NO_TRADE,0.5127120815794081,0.487287918420592,0.0,1,0.0115498810863229
NO_TRADE,0.5261478704192841,0.4738521295807159,0.0,0,-0.0065234785299623
NO_TRADE,0.5108243421066744,0.48917565789332573,0.0,1,0.0081043922186116
NO_TRADE,0.5215103371060811,0.47848966289391887,0.0,0,-0.007022004900377
NO_TRADE,0.510146542347879,0.48985345765212096,0.0,1,0.0284259568649953
NO_TRADE,0.5143075104190148,0.4856924895809853,0.0,1,0.0730213155689857
NO_TRADE,0.5102617791411411,0.48973822085885893,0.0,1,0.050436184612114
NO_TRADE,0.5115542505065632,0.48844574949343683,0.0,1,0.0119720334858824
NO_TRADE,0.5056770609593156,0.4943229390406844,0.0,1,0.0137004067390535
NO_TRADE,0.5185275510855044,0.48147244891449564,0.0,0,-0.0037808320390196
NO_TRADE,0.506915810471327,0.4930841895286729,0.0,1,0.0126951718088164
NO_TRADE,0.5129862684719302,0.4870137315280698,0.0,1,0.0677961389617158
NO_TRADE,0.5158356781422913,0.48416432185770875,0.0,1,0.0308885580947089
NO_TRADE,0.5077861748162912,0.49221382518370876,0.0,1,0.0201496883941866
NO_TRADE,0.5150711882905356,0.4849288117094644,0.0,1,0.0327258803421281
NO_TRADE,0.5167375221881901,0.4832624778118098,0.0,0,-0.0060778653062421
NO_TRADE,0.516703230837647,0.4832967691623529,0.0,0,-0.0266189839894286
NO_TRADE,0.508303435591351,0.49169656440864906,0.0,1,0.0253316908300565
NO_TRADE,0.508221302769346,0.49177869723065415,0.0,1,0.0712329388677993
NO_TRADE,0.5093535886082537,0.4906464113917462,0.0,1,0.050369455646809
NO_TRADE,0.5056269030762651,0.49437309692373493,0.0,1,0.0320485625851983
NO_TRADE,0.5026880110994512,0.49731198890054884,0.0,1,0.0127860961227273
NO_TRADE,0.5148307493505806,0.4851692506494194,0.0,0,-0.0321023192871207
NO_TRADE,0.5136331772983689,0.4863668227016311,0.0,0,-0.0780224587416685
NO_TRADE,0.5191968597036563,0.48080314029634375,0.0,0,-0.0404057364444643
NO_TRADE,0.5099345818207293,0.49006541817927074,0.0,1,0.0579297853664948
NO_TRADE,0.5119361275013139,0.48806387249868605,0.0,1,0.0493288209142981
NO_TRADE,0.5138307674211554,0.48616923257884465,0.0,0,-0.0035738542153127
NO_TRADE,0.5129577837233237,0.4870422162766763,0.0,0,-0.0066619146251223
NO_TRADE,0.5083906256445102,0.49160937435548985,0.0,1,0.0213032338645174
NO_TRADE,0.5116545455625153,0.4883454544374846,0.0,1,0.0257073453211022
NO_TRADE,0.5200923545091097,0.4799076454908902,0.0,0,-0.0357128897266162
NO_TRADE,0.5238608051605133,0.4761391948394868,0.0,0,-0.1002042734311542
NO_TRADE,0.518786563478364,0.4812134365216359,0.0,0,-0.1314255587539518
NO_TRADE,0.5165793909000994,0.48342060909990053,0.0,0,-0.049816190670075
NO_TRADE,0.5196674463511084,0.4803325536488916,0.0,0,-0.0098253429255795
NO_TRADE,0.5161605179580551,0.4838394820419449,0.0,0,-0.0303956314085627
NO_TRADE,0.5106945210271004,0.4893054789728996,0.0,1,0.03019351211055
NO_TRADE,0.5107779988400502,0.48922200115994974,0.0,1,0.0449987903115644
NO_TRADE,0.5190519864730648,0.4809480135269351,0.0,0,-0.013973757011865
NO_TRADE,0.5254474734567447,0.4745525265432553,0.0,0,-0.0348759536422336
NO_TRADE,0.5131064502555144,0.48689354974448557,0.0,0,-0.008308690397596
NO_TRADE,0.5098337636387664,0.4901662363612336,0.0,1,0.0045598750546312
NO_TRADE,0.5032020129067883,0.4967979870932117,0.0,1,0.0074364893205912
NO_TRADE,0.5166160901918212,0.48338390980817875,0.0,0,-0.0034200941664992
NO_TRADE,0.51822561247953,0.4817743875204701,0.0,0,-0.0120145229015128
NO_TRADE,0.513105508669833,0.486894491330167,0.0,1,0.0203534262524357
NO_TRADE,0.5105809959971811,0.48941900400281896,0.0,1,0.0473015996758496
NO_TRADE,0.5073966523594438,0.49260334764055624,0.0,1,0.0512168443344553
NO_TRADE,0.5120809620137847,0.4879190379862153,0.0,1,0.0357988273223864
NO_TRADE,0.5112867858684366,0.4887132141315635,0.0,1,0.0140119708412077
NO_TRADE,0.5177559121336355,0.4822440878663646,0.0,0,-0.0138010125330639
NO_TRADE,0.5162360262209177,0.48376397377908226,0.0,0,-0.0922484921768266
NO_TRADE,0.5216230360352481,0.47837696396475193,0.0,0,-0.0851807148578732
NO_TRADE,0.5146268211020694,0.4853731788979306,0.0,0,-0.0216061970319864
NO_TRADE,0.5162905610622993,0.48370943893770074,0.0,0,-0.0082298034824053
NO_TRADE,0.5139679982319612,0.48603200176803885,0.0,0,-0.0003611423269796
NO_TRADE,0.5199490582196433,0.4800509417803566,0.0,0,-0.040964387348804
NO_TRADE,0.5219610983942964,0.4780389016057036,0.0,0,-0.0243313548940707
NO_TRADE,0.5133783996565437,0.48662160034345625,0.0,1,0.0478751487699908
NO_TRADE,0.5105952814653013,0.48940471853469864,0.0,1,0.0493669927345938
NO_TRADE,0.5130554270238472,0.4869445729761528,0.0,1,0.0353462938818586
NO_TRADE,0.5164019692435148,0.48359803075648516,0.0,0,-0.0083159684606347
NO_TRADE,0.5138892873809812,0.4861107126190188,0.0,0,-0.0299651437778369
NO_TRADE,0.5175758676171913,0.4824241323828087,0.0,0,-0.0045290114618071
NO_TRADE,0.519326621623632,0.4806733783763681,0.0,0,-0.0056252851137956
NO_TRADE,0.523221445125807,0.476778554874193,0.0,0,-0.0030920278400357
NO_TRADE,0.5235689809221113,0.4764310190778886,0.0,0,-0.0158772139296178
NO_TRADE,0.5097250695536081,0.490274930446392,0.0,1,0.019305256390432
NO_TRADE,0.5116031121119532,0.48839688788804675,0.0,1,0.0244828551487742
NO_TRADE,0.5150091979486421,0.48499080205135797,0.0,0,-0.0123219581929622
NO_TRADE,0.5180771557081653,0.4819228442918347,0.0,0,-0.0586734570841211
NO_TRADE,0.5157054426023919,0.48429455739760807,0.0,0,-0.0470634993270036
NO_TRADE,0.5142846858214051,0.48571531417859487,0.0,0,-0.0005598998409744
NO_TRADE,0.5133052910390287,0.4866947089609714,0.0,1,0.0148111195662998
NO_TRADE,0.5113094963365673,0.48869050366343275,0.0,1,0.0547734530678208
NO_TRADE,0.5120026108381511,0.4879973891618488,0.0,1,0.0114370932355846
NO_TRADE,0.5174843659917556,0.4825156340082444,0.0,0,-0.0761688870052738
NO_TRADE,0.5122560352381322,0.48774396476186777,0.0,0,-0.2073189071106472
NO_TRADE,0.5151315602476015,0.4848684397523984,0.0,0,-0.0975381715835555
NO_TRADE,0.5079169585373399,0.4920830414626602,0.0,1,0.0431486523570468
NO_TRADE,0.5125880632579592,0.4874119367420407,0.0,1,0.000429795457509
NO_TRADE,0.5156033612884597,0.4843966387115404,0.0,0,-0.02104739745678
NO_TRADE,0.5177164845984,0.4822835154015999,0.0,0,-0.0547624835439747
NO_TRADE,0.5131192650872157,0.48688073491278416,0.0,0,-0.0219119607575498
NO_TRADE,0.5117604922481954,0.4882395077518047,0.0,1,0.0085158041764269
NO_TRADE,0.5107535876755519,0.48924641232444815,0.0,1,0.0091886597923624
NO_TRADE,0.5160375342564353,0.4839624657435648,0.0,0,-0.0065407109890123
NO_TRADE,0.5130695372286808,0.4869304627713193,0.0,1,0.0040501646442211
NO_TRADE,0.5151122396607423,0.4848877603392578,0.0,1,0.0305893905274144
NO_TRADE,0.5151164864261967,0.4848835135738034,0.0,1,0.0098341691742504
NO_TRADE,0.5174974914024235,0.4825025085975765,0.0,0,-0.006184828876667
NO_TRADE,0.515240720011111,0.48475927998888896,0.0,1,0.0045121822086214
NO_TRADE,0.5134764538521113,0.48652354614788873,0.0,0,-0.0062102162938492
NO_TRADE,0.5152823784749447,0.48471762152505526,0.0,0,-0.0063289756540297
NO_TRADE,0.5118780396230841,0.488121960376916,0.0,1,0.0206600638808507
NO_TRADE,0.5166452370366472,0.4833547629633528,0.0,1,0.0125063448422819
NO_TRADE,0.5175549716079669,0.4824450283920331,0.0,0,-0.0041277198733521
NO_TRADE,0.5146241162904605,0.48537588370953944,0.0,1,0.0204346903921088
NO_TRADE,0.5202953666421509,0.47970463335784913,0.0,0,-0.0108582394442693
NO_TRADE,0.5163067413181659,0.48369325868183405,0.0,0,-0.1297673317801793
NO_TRADE,0.5168159852602336,0.48318401473976635,0.0,0,-0.1029793161738349
NO_TRADE,0.5155803577416784,0.48441964225832157,0.0,0,-0.0531270305119725
NO_TRADE,0.5124137451833297,0.4875862548166703,0.0,0,-0.1087487852903605
NO_TRADE,0.5150091574591137,0.48499084254088637,0.0,0,-0.0471829246881539
NO_TRADE,0.5170134709513023,0.48298652904869765,0.0,1,0.0543974364252548
NO_TRADE,0.5145941309078972,0.4854058690921028,0.0,1,0.0498229848916883
NO_TRADE,0.5188976838234152,0.48110231617658483,0.0,0,-0.0893986257379566
NO_TRADE,0.5161005425398436,0.48389945746015633,0.0,0,-0.057791292470263
NO_TRADE,0.5158063399647821,0.4841936600352179,0.0,1,0.0682579686884134
NO_TRADE,0.5158882861158144,0.48411171388418567,0.0,0,-0.0113887336592978
NO_TRADE,0.5157461969573162,0.4842538030426839,0.0,0,-0.0397062311929512
NO_TRADE,0.5169821163662456,0.4830178836337544,0.0,0,-0.0237083897374854
NO_TRADE,0.5200952452117553,0.4799047547882447,0.0,0,-0.0715360643043724
NO_TRADE,0.5129383165810549,0.487061683418945,0.0,0,-0.1119013206278344
NO_TRADE,0.5190374922768154,0.48096250772318455,0.0,0,-0.0634501251932298
NO_TRADE,0.5158725127498386,0.48412748725016136,0.0,0,-0.0127668945602121
NO_TRADE,0.5137653563447678,0.4862346436552322,0.0,1,0.0066846319846612
NO_TRADE,0.512263590165596,0.48773640983440397,0.0,1,0.0277425625568437
NO_TRADE,0.509776509763244,0.49022349023675593,0.0,1,0.0011685896660077
NO_TRADE,0.515252485909384,0.48474751409061606,0.0,0,-0.0083238616839991
NO_TRADE,0.5143450513147915,0.4856549486852085,0.0,0,-0.0032590137805286
NO_TRADE,0.5132442754327363,0.48675572456726374,0.0,1,0.0380483704305208
NO_TRADE,0.5166831980577505,0.4833168019422494,0.0,1,0.0499568726998946
NO_TRADE,0.5192846461205877,0.4807153538794123,0.0,0,-0.0081640598014555
NO_TRADE,0.5126890412572138,0.4873109587427862,0.0,0,-0.0056597508146785
NO_TRADE,0.5128735887391,0.48712641126089995,0.0,1,0.0152220417118533
NO_TRADE,0.5083375885005812,0.4916624114994188,0.0,1,0.0378746420693858
NO_TRADE,0.5163098368675417,0.4836901631324582,0.0,1,0.0316665999388077
NO_TRADE,0.5167037318553436,0.48329626814465637,0.0,0,-0.0105762825214647
NO_TRADE,0.5145999760462735,0.48540002395372656,0.0,0,-0.0235330262771069
NO_TRADE,0.5187112394287811,0.481288760571219,0.0,0,-0.0629629758261095
NO_TRADE,0.5159639288381409,0.48403607116185904,0.0,0,-0.0812231415705679
NO_TRADE,0.5152738198203648,0.4847261801796352,0.0,0,-0.0494622637137777
NO_TRADE,0.5164365175050749,0.4835634824949251,0.0,0,-0.0241620347575405
NO_TRADE,0.5141265705730004,0.48587342942699957,0.0,1,0.0266385374757272
NO_TRADE,0.5161831239418361,0.48381687605816404,0.0,1,0.0334960899735319
NO_TRADE,0.5123237485025137,0.48767625149748633,0.0,0,-0.0396296339626696
NO_TRADE,0.5148731839964359,0.4851268160035642,0.0,0,-0.0388603971173115
NO_TRADE,0.511410709329685,0.4885892906703149,0.0,1,0.0005951367192031
NO_TRADE,0.5132430866029075,0.4867569133970926,0.0,0,-0.0345743190785989
NO_TRADE,0.5168174001146659,0.48318259988533413,0.0,0,-0.1596419590279403
NO_TRADE,0.5146428336855555,0.4853571663144445,0.0,0,-0.1233337890688181
NO_TRADE,0.516406490230927,0.48359350976907295,0.0,0,-0.0172120343766465
NO_TRADE,0.5153072371733135,0.48469276282668644,0.0,1,0.0224531706099255
NO_TRADE,0.5125128138752703,0.48748718612472963,0.0,1,0.0291083712862874
NO_TRADE,0.5110342340845184,0.4889657659154816,0.0,1,0.0176449994776176
NO_TRADE,0.5097773907707029,0.49022260922929695,0.0,1,0.0347624680566059
NO_TRADE,0.5118679252467832,0.4881320747532169,0.0,1,0.0201897008833594
NO_TRADE,0.5112892708610041,0.488710729138996,0.0,1,0.009973973830361
NO_TRADE,0.5164404471997252,0.4835595528002748,0.0,0,-0.0339876005806553
NO_TRADE,0.5139691289595864,0.4860308710404136,0.0,0,-0.0212383631836665
NO_TRADE,0.509427219977817,0.49057278002218285,0.0,1,0.0026017684135286
NO_TRADE,0.5114128128740618,0.4885871871259382,0.0,1,0.006832878495767
NO_TRADE,0.508793880372603,0.4912061196273971,0.0,1,0.0032789419793201
NO_TRADE,0.5077612603496671,0.49223873965033293,0.0,1,0.0079336517592835
NO_TRADE,0.5159193037884972,0.4840806962115029,0.0,1,0.0305202246653709
NO_TRADE,0.5143189328814272,0.4856810671185728,0.0,1,0.1028797591807814
NO_TRADE,0.513015137754451,0.486984862245549,0.0,1,0.0727027603943203
NO_TRADE,0.5149612862942409,0.4850387137057591,0.0,0,-0.0048429652006872
NO_TRADE,0.5111713781248807,0.4888286218751194,0.0,1,0.0205528537312303
NO_TRADE,0.5108376659337585,0.4891623340662416,0.0,1,0.0131573406815442
NO_TRADE,0.5152084428377653,0.4847915571622347,0.0,0,-0.0062562133230949
NO_TRADE,0.5081243346063012,0.4918756653936988,0.0,1,0.0043868156863797
NO_TRADE,0.511147148402905,0.48885285159709513,0.0,1,0.0006825243063066
NO_TRADE,0.5132101322313307,0.4867898677686693,0.0,1,0.0089813829022529
NO_TRADE,0.5114032448612303,0.4885967551387697,0.0,1,0.0263751307965845
NO_TRADE,0.5129638105055354,0.4870361894944646,0.0,1,0.0014545862762821
NO_TRADE,0.5206348519309915,0.4793651480690086,0.0,0,-0.0042468453054801
NO_TRADE,0.5211078424477634,0.47889215755223663,0.0,0,-0.0117191954731702
NO_TRADE,0.5173943074553319,0.482605692544668,0.0,0,-0.0232605688016959
NO_TRADE,0.5158455222119945,0.4841544777880055,0.0,1,0.0061137836817233
NO_TRADE,0.5175561285415812,0.4824438714584189,0.0,1,0.0995145606218728
NO_TRADE,0.5139239300409747,0.48607606995902525,0.0,1,0.2319575063005518
NO_TRADE,0.512367102300011,0.487632897699989,0.0,1,0.1995196750344631
NO_TRADE,0.5110809751332076,0.48891902486679245,0.0,1,0.089822999305913
NO_TRADE,0.5092305134081728,0.49076948659182723,0.0,1,0.040670208545177
NO_TRADE,0.5104673685668928,0.4895326314331072,0.0,1,0.0079417578350049
NO_TRADE,0.5139643717539557,0.48603562824604435,0.0,1,0.0432514337425976
NO_TRADE,0.512076487546374,0.4879235124536259,0.0,1,0.0105437738454418
NO_TRADE,0.5107774083653042,0.4892225916346958,0.0,0,-0.0159688277956795
NO_TRADE,0.5179649719157864,0.48203502808421367,0.0,0,-0.0301142698339543
NO_TRADE,0.5166902391669188,0.4833097608330812,0.0,0,-0.0360703032834072
NO_TRADE,0.5151894986138802,0.48481050138611986,0.0,0,-0.0173200917839881
NO_TRADE,0.5168874986664087,0.4831125013335913,0.0,1,0.0097745308031065
NO_TRADE,0.5120560941985018,0.4879439058014981,0.0,1,0.0385222310578308
NO_TRADE,0.5131766511585878,0.4868233488414122,0.0,1,0.0458602742610074
NO_TRADE,0.5142379463570629,0.48576205364293723,0.0,1,0.0324023203931041
NO_TRADE,0.5178594808494155,0.48214051915058453,0.0,0,-0.0329226842164891
NO_TRADE,0.5144976315867741,0.48550236841322597,0.0,0,-0.043463195282052
NO_TRADE,0.5122414285602886,0.4877585714397113,0.0,1,0.0039028502012919
NO_TRADE,0.5137617493401434,0.4862382506598566,0.0,1,0.0442419348634765
NO_TRADE,0.5124157915929208,0.48758420840707917,0.0,1,0.0325122331960494
NO_TRADE,0.5115189831934858,0.48848101680651435,0.0,1,0.0268865913089263
NO_TRADE,0.5151443630569635,0.4848556369430364,0.0,0,-0.0158575468347772
NO_TRADE,0.5202677200345313,0.4797322799654687,0.0,0,-0.0643527247728886
NO_TRADE,0.5154547415361678,0.4845452584638323,0.0,0,-0.033587514170442
NO_TRADE,0.516516824323434,0.483483175676566,0.0,0,-0.0031071707404922
NO_TRADE,0.5142457229557053,0.4857542770442948,0.0,1,0.0387607734456868
NO_TRADE,0.5102421424396674,0.4897578575603326,0.0,1,0.0416975669222899
NO_TRADE,0.5180769326416016,0.48192306735839835,0.0,0,-0.0138125202441303
NO_TRADE,0.5143261391242154,0.4856738608757845,0.0,0,-0.0605781959976412
NO_TRADE,0.5162409910139925,0.48375900898600754,0.0,0,-0.0310617193664819
NO_TRADE,0.5140305742344219,0.48596942576557806,0.0,1,0.0183898290667755
NO_TRADE,0.512783853750538,0.48721614624946197,0.0,1,0.0139076527727028
NO_TRADE,0.5115323050533759,0.48846769494662406,0.0,1,0.0780376821728135
NO_TRADE,0.5121378047137023,0.48786219528629776,0.0,1,0.099554259958801
NO_TRADE,0.5113407936915029,0.48865920630849713,0.0,1,0.0056403681165183
NO_TRADE,0.5137058040768646,0.48629419592313533,0.0,0,-0.0996008724044199
NO_TRADE,0.5144774269592359,0.485522573040764,0.0,0,-0.0771127174372135
NO_TRADE,0.5179445912008855,0.48205540879911446,0.0,0,-0.0010900108581942
NO_TRADE,0.5141295475544881,0.4858704524455118,0.0,1,0.0299698088194306
NO_TRADE,0.5095712692124635,0.4904287307875364,0.0,1,0.0051798442674542
NO_TRADE,0.5208762234010055,0.4791237765989946,0.0,0,-0.0375511100315698
NO_TRADE,0.5156270893546879,0.48437291064531207,0.0,0,-0.0114620088567759
NO_TRADE,0.5144591336190997,0.4855408663809004,0.0,0,-0.0068359073394596
NO_TRADE,0.5162072308478408,0.48379276915215924,0.0,0,-0.0436893233869113
NO_TRADE,0.5158186489869538,0.48418135101304616,0.0,0,-0.1087687012892553
NO_TRADE,0.5156574202772257,0.48434257972277434,0.0,0,-0.0598605231748111
NO_TRADE,0.5136399372569501,0.48636006274304977,0.0,1,0.0784090847159424
NO_TRADE,0.5114385731408276,0.4885614268591724,0.0,1,0.0696103573459606
NO_TRADE,0.5149770106165584,0.4850229893834415,0.0,1,0.0111563408432082
NO_TRADE,0.5150767975282037,0.48492320247179627,0.0,0,-0.0007097162954135
NO_TRADE,0.5166563518404831,0.483343648159517,0.0,0,-0.0092950040862201
NO_TRADE,0.5105736866329463,0.4894263133670538,0.0,1,0.0045849729925356
NO_TRADE,0.51329887541689,0.48670112458310993,0.0,1,0.0227617730735883
NO_TRADE,0.5140922811132497,0.4859077188867504,0.0,1,0.0019458363161284
NO_TRADE,0.5170396808130472,0.48296031918695287,0.0,0,-0.0006004513355932
NO_TRADE,0.5108741998066706,0.4891258001933294,0.0,1,0.0554415911455189
NO_TRADE,0.5149856442209703,0.4850143557790297,0.0,1,0.0223170245637206
NO_TRADE,0.5164985493120352,0.48350145068796474,0.0,0,-0.0284426451918319
NO_TRADE,0.5114066135594172,0.48859338644058287,0.0,0,-0.0025655649746681
NO_TRADE,0.5164660139646439,0.4835339860353562,0.0,1,0.0162796626336572
NO_TRADE,0.5162305474799553,0.48376945252004466,0.0,1,0.0146515741416862
NO_TRADE,0.5119251278625216,0.48807487213747835,0.0,1,0.037547900673564
NO_TRADE,0.5164846522437551,0.483515347756245,0.0,1,0.0870054225659175
NO_TRADE,0.5157668824752603,0.4842331175247397,0.0,1,0.1160661928625735
NO_TRADE,0.5141178831735315,0.4858821168264685,0.0,1,0.0506025452494321
NO_TRADE,0.5186287700306748,0.4813712299693253,0.0,0,-0.00391823043563
NO_TRADE,0.5135495325337938,0.48645046746620624,0.0,1,0.0247602913009641
NO_TRADE,0.515371016384215,0.48462898361578494,0.0,1,0.0143064638594362
NO_TRADE,0.5125221834000939,0.4874778165999061,0.0,1,0.061449809438198
NO_TRADE,0.5154732138789586,0.4845267861210414,0.0,1,0.124877387935865
NO_TRADE,0.512750962569149,0.48724903743085096,0.0,1,0.111241201447413
NO_TRADE,0.5106030814286259,0.4893969185713741,0.0,1,0.0437655198855053
NO_TRADE,0.5074075929318344,0.4925924070681656,0.0,1,0.0313804690322383
NO_TRADE,0.5096315687413773,0.49036843125862273,0.0,1,0.0576193231455438
NO_TRADE,0.5108989491477877,0.4891010508522124,0.0,0,-0.00042941373682
NO_TRADE,0.5182610973794642,0.4817389026205358,0.0,0,-0.0309942826776443
NO_TRADE,0.5094714354038875,0.49052856459611244,0.0,0,-0.0120006284645199
NO_TRADE,0.5145971877676639,0.485402812232336,0.0,1,0.0015595744417156
NO_TRADE,0.5139630780312686,0.4860369219687313,0.0,1,0.0217048231756413
NO_TRADE,0.5117155436939159,0.48828445630608414,0.0,1,0.0361792056559335
NO_TRADE,0.5125571000468674,0.4874428999531326,0.0,1,0.0281919819579389
NO_TRADE,0.5142559329227617,0.4857440670772382,0.0,0,-0.0006167196166038
NO_TRADE,0.5158023730822667,0.4841976269177332,0.0,0,-0.0157872731472946
NO_TRADE,0.515866113471218,0.48413388652878203,0.0,1,0.0040060495026217
NO_TRADE,0.5214413423803961,0.478558657619604,0.0,0,-0.0457337505437919
NO_TRADE,0.5217057479201296,0.47829425207987053,0.0,0,-0.092556730592628
NO_TRADE,0.5156643822164905,0.4843356177835096,0.0,0,-0.0432267472964399
NO_TRADE,0.5153180532824773,0.48468194671752274,0.0,1,0.0350156900033857
NO_TRADE,0.5151172365789688,0.48488276342103126,0.0,1,0.0463731537071087
NO_TRADE,0.5082058971400336,0.4917941028599664,0.0,1,0.0079972057719804
NO_TRADE,0.5117958101386101,0.48820418986138997,0.0,1,0.0386086405185223
NO_TRADE,0.5128943497086561,0.48710565029134384,0.0,1,0.0847625782336561
NO_TRADE,0.5142462794249805,0.48575372057501953,0.0,1,0.1000767723239861
NO_TRADE,0.5114781501683627,0.48852184983163727,0.0,1,0.0677609336516328
NO_TRADE,0.5142648702394504,0.4857351297605496,0.0,1,0.0239743156782493
NO_TRADE,0.5152540597298759,0.4847459402701242,0.0,1,0.0345304057531792
NO_TRADE,0.5126186922510602,0.4873813077489398,0.0,1,0.0890825348872394
NO_TRADE,0.5101950904693523,0.48980490953064776,0.0,1,0.0636271665309015
NO_TRADE,0.515214502920278,0.4847854970797219,0.0,0,-0.0256365993801303
NO_TRADE,0.5161253245675309,0.48387467543246904,0.0,0,-0.0521280596688777
NO_TRADE,0.5133143981953013,0.4866856018046986,0.0,0,-0.0121558454137741
NO_TRADE,0.514761060745775,0.4852389392542249,0.0,0,-0.0208885458516842
NO_TRADE,0.5128144542159688,0.4871855457840312,0.0,0,-0.0603638191727315
NO_TRADE,0.5185771747646483,0.4814228252353517,0.0,0,-0.0261295770173942
NO_TRADE,0.5165743419080194,0.4834256580919806,0.0,1,0.0103680909559203
NO_TRADE,0.5107748045294698,0.4892251954705302,0.0,1,0.0557736587783283
NO_TRADE,0.5127405715436857,0.4872594284563143,0.0,1,0.1031946658955457
NO_TRADE,0.5123698529194961,0.48763014708050384,0.0,1,0.0697761873958486
NO_TRADE,0.512462214889122,0.4875377851108779,0.0,0,-0.0284900941271176
NO_TRADE,0.5136447024451676,0.4863552975548324,0.0,0,-0.0683732570600621
NO_TRADE,0.5139252222078273,0.4860747777921726,0.0,0,-0.0028869106739135
NO_TRADE,0.5163929958458414,0.48360700415415864,0.0,1,0.0141792623629536
NO_TRADE,0.514298471682181,0.48570152831781904,0.0,0,-0.0463266502223981
NO_TRADE,0.5123866673733667,0.48761333262663326,0.0,0,-0.039232330859635
NO_TRADE,0.5126606813758077,0.48733931862419233,0.0,1,0.0165679187790229
NO_TRADE,0.5123243709135704,0.48767562908642964,0.0,1,0.0041489811306475
NO_TRADE,0.5095463785069719,0.490453621493028,0.0,0,-0.0270630857873453
NO_TRADE,0.5150675434944032,0.4849324565055968,0.0,1,0.0020537095212014
NO_TRADE,0.5134929690902275,0.48650703090977254,0.0,1,0.0065806658883677
NO_TRADE,0.5121860470409626,0.48781395295903746,0.0,0,-0.0102273544983407
NO_TRADE,0.5170818838328204,0.4829181161671796,0.0,0,-0.017159212298515
NO_TRADE,0.5142751632068648,0.4857248367931352,0.0,0,-0.0113938220158336
NO_TRADE,0.5118328728267093,0.48816712717329064,0.0,1,0.0038705297321972
NO_TRADE,0.5122088442741591,0.4877911557258409,0.0,1,0.0052703707102571
NO_TRADE,0.5140261176489679,0.48597388235103206,0.0,1,0.0060487947936477
NO_TRADE,0.5150055202186884,0.4849944797813115,0.0,1,0.0225112322900165
NO_TRADE,0.5126037369016655,0.4873962630983346,0.0,1,0.049058279940859
NO_TRADE,0.514836652610505,0.4851633473894949,0.0,1,0.0611416610657596
NO_TRADE,0.511815068670689,0.48818493132931096,0.0,1,0.0184579824846139
NO_TRADE,0.507085479399939,0.49291452060006097,0.0,0,-0.0301310721141851
NO_TRADE,0.512232196640222,0.48776780335977793,0.0,0,-0.0308757406234746
NO_TRADE,0.5153022213184976,0.4846977786815024,0.0,0,-0.0099727946391473
NO_TRADE,0.5147820692168948,0.48521793078310527,0.0,1,0.0211700510153378
NO_TRADE,0.5160762698837303,0.4839237301162697,0.0,1,0.0023792438799732
NO_TRADE,0.5111614639821437,0.4888385360178564,0.0,0,-0.0261579777201181
NO_TRADE,0.5094721230837281,0.4905278769162718,0.0,0,-0.0095754437278764
NO_TRADE,0.5151347531716034,0.48486524682839666,0.0,0,-0.0593689629697874
NO_TRADE,0.5083742274309894,0.4916257725690106,0.0,0,-0.067824699941213
NO_TRADE,0.5155889327172897,0.4844110672827104,0.0,0,-0.0116219402375043
NO_TRADE,0.5142366919177694,0.48576330808223056,0.0,0,-0.045854326948566
NO_TRADE,0.5111941802947048,0.4888058197052952,0.0,0,-0.0524593727438181
NO_TRADE,0.5120673169612692,0.4879326830387309,0.0,1,0.0042402654542945
NO_TRADE,0.5175177287182985,0.4824822712817014,0.0,1,0.0156857037291928
NO_TRADE,0.5124592591610716,0.48754074083892834,0.0,1,0.0325495331094007
NO_TRADE,0.5115460867508735,0.4884539132491265,0.0,1,0.0355188275050239
NO_TRADE,0.5116855790715079,0.48831442092849203,0.0,1,0.0243061299433727
NO_TRADE,0.5145699160667263,0.4854300839332737,0.0,1,0.0572816272109619
NO_TRADE,0.5152596376463564,0.48474036235364365,0.0,1,0.056459409220044
NO_TRADE,0.5141165395310617,0.4858834604689383,0.0,1,0.016558924079988
NO_TRADE,0.5148914513497171,0.48510854865028286,0.0,1,0.0085097671486083
NO_TRADE,0.5090748731189229,0.4909251268810772,0.0,1,0.0256668959395652
NO_TRADE,0.5109291960219302,0.4890708039780698,0.0,1,0.0195735380438239
NO_TRADE,0.5203374851996466,0.4796625148003533,0.0,0,-0.0263161128481908
NO_TRADE,0.5210941165736477,0.47890588342635226,0.0,0,-0.0522714400571052
NO_TRADE,0.514023409276009,0.485976590723991,0.0,0,-0.0570127752013085
NO_TRADE,0.5157400996496625,0.4842599003503376,0.0,0,-0.1427674737017988
NO_TRADE,0.5126057074530115,0.4873942925469885,0.0,0,-0.0786293528445506
NO_TRADE,0.5133897197726159,0.486610280227384,0.0,1,0.0929773570278152
NO_TRADE,0.5145534726357894,0.4854465273642106,0.0,1,0.0410441998519097
NO_TRADE,0.5146416185442244,0.4853583814557756,0.0,0,-0.0264263064221276
NO_TRADE,0.5160766533724979,0.48392334662750214,0.0,0,-0.0248319604519307
NO_TRADE,0.5155345098131447,0.4844654901868552,0.0,0,-0.0595445023875453
NO_TRADE,0.51528219060626,0.48471780939373993,0.0,0,-0.0264944652071532
NO_TRADE,0.5141771479524896,0.48582285204751036,0.0,1,0.0271920850571597
NO_TRADE,0.5134883366497659,0.48651166335023416,0.0,1,0.0341803029203096
NO_TRADE,0.512631399755615,0.48736860024438505,0.0,1,0.0004772168004881
NO_TRADE,0.5177361377195674,0.48226386228043266,0.0,0,-0.04429749416392
NO_TRADE,0.5151181300474268,0.4848818699525732,0.0,0,-0.0203642422257744
NO_TRADE,0.5145480340618468,0.48545196593815326,0.0,1,0.0231051438242842
NO_TRADE,0.5131146251718791,0.4868853748281208,0.0,1,0.0205542193007421
NO_TRADE,0.5104363524110109,0.48956364758898907,0.0,1,0.0225075787937792
NO_TRADE,0.5143068477520498,0.4856931522479502,0.0,1,0.059659610384771
NO_TRADE,0.5120892162425154,0.48791078375748453,0.0,1,0.0203894492517692
NO_TRADE,0.5132100881332934,0.48678991186670667,0.0,0,-0.0476280599732667
NO_TRADE,0.515272595303424,0.484727404696576,0.0,0,-0.0629962180514723
NO_TRADE,0.5169882857641462,0.4830117142358537,0.0,0,-0.0360203291973924
NO_TRADE,0.5135236769908548,0.4864763230091453,0.0,1,0.0053809790748696
NO_TRADE,0.5140387882109131,0.48596121178908697,0.0,1,0.0070205828295946
NO_TRADE,0.5151320578000812,0.48486794219991874,0.0,0,-0.0424842157280669
NO_TRADE,0.5175553188400196,0.48244468115998035,0.0,0,-0.1101569827218919
NO_TRADE,0.5209969930034467,0.47900300699655335,0.0,0,-0.0994202808990469
NO_TRADE,0.5138097334255775,0.4861902665744225,0.0,0,-0.0296745694013271
NO_TRADE,0.5113670896199379,0.4886329103800621,0.0,0,-0.004857515015516
NO_TRADE,0.5139121399601511,0.48608786003984905,0.0,1,0.0154819459092402
NO_TRADE,0.5137647956339481,0.486235204366052,0.0,1,0.0351607124965403
NO_TRADE,0.5130410410406728,0.4869589589593271,0.0,1,0.0473355275712683
NO_TRADE,0.5119788254025622,0.4880211745974378,0.0,1,0.0201432647816782
NO_TRADE,0.5139941917473029,0.48600580825269707,0.0,0,-0.0371863195538784
NO_TRADE,0.5150158393703924,0.4849841606296075,0.0,0,-0.0380095456365915
NO_TRADE,0.5156267785909477,0.4843732214090523,0.0,0,-0.0816082939974869
NO_TRADE,0.5126562786717782,0.48734372132822185,0.0,0,-0.0697725736170004
NO_TRADE,0.5175036433057997,0.4824963566942004,0.0,0,-0.0097844587098391
NO_TRADE,0.5154671541580172,0.4845328458419827,0.0,0,-0.0141839324387777
NO_TRADE,0.5168216531749031,0.4831783468250969,0.0,0,-0.0288023457126604
NO_TRADE,0.5152182485682183,0.48478175143178165,0.0,0,-0.0302346424953508
NO_TRADE,0.5212428921343194,0.47875710786568054,0.0,0,-0.0312198560292634
NO_TRADE,0.513198303585316,0.486801696414684,0.0,0,-0.0930025778195265
NO_TRADE,0.5154127179055591,0.48458728209444085,0.0,0,-0.0783393206651902
NO_TRADE,0.5118707544178257,0.4881292455821742,0.0,1,0.0189550632201528
NO_TRADE,0.5134784248626992,0.4865215751373007,0.0,1,0.0398722024075062
NO_TRADE,0.510150042324248,0.48984995767575207,0.0,1,0.0340558608931253
NO_TRADE,0.5101686447566842,0.4898313552433158,0.0,1,0.0356785499067923
NO_TRADE,0.5095786198157088,0.49042138018429116,0.0,1,0.0264051878074284
NO_TRADE,0.5174228594782497,0.48257714052175027,0.0,0,-0.0056667522877746
NO_TRADE,0.5155006603875137,0.4844993396124862,0.0,0,-0.0063228840542351
NO_TRADE,0.5143265029891549,0.485673497010845,0.0,0,-0.0665876676832171
NO_TRADE,0.5252425101163488,0.47475748988365113,0.0,0,-0.0467330306513483
NO_TRADE,0.5121678665910848,0.48783213340891524,0.0,1,0.089660828481341
NO_TRADE,0.5134414104093349,0.486558589590665,0.0,1,0.098711536394423
NO_TRADE,0.5172971315742679,0.4827028684257321,0.0,1,0.0100398564846996
NO_TRADE,0.5132566982445387,0.4867433017554614,0.0,0,-0.0452838968293312
NO_TRADE,0.516028637675165,0.48397136232483495,0.0,0,-0.0182411135421362
NO_TRADE,0.5115198881318669,0.4884801118681332,0.0,1,0.0278721283381818
NO_TRADE,0.515708378056875,0.48429162194312503,0.0,1,0.0436387504259755
NO_TRADE,0.513159235728844,0.486840764271156,0.0,1,0.065374093602886
NO_TRADE,0.51324667914278,0.4867533208572199,0.0,1,0.0068030833135523
NO_TRADE,0.5203650237807296,0.4796349762192705,0.0,0,-0.0443886922873318
NO_TRADE,0.5157207675465493,0.4842792324534508,0.0,0,-0.0342629329017788
NO_TRADE,0.5146601694256577,0.4853398305743422,0.0,0,-0.0276598104991763
NO_TRADE,0.5129412095381696,0.4870587904618304,0.0,0,-0.0122224486410355
NO_TRADE,0.5128075927744035,0.4871924072255965,0.0,0,-0.0528679252059141
NO_TRADE,0.5122543454059788,0.4877456545940211,0.0,0,-0.0531365891002118
NO_TRADE,0.5128248511241096,0.4871751488758904,0.0,0,-0.0306504545172902
NO_TRADE,0.5128620429665272,0.4871379570334729,0.0,1,0.0100324299572509
NO_TRADE,0.5154495534148108,0.48455044658518914,0.0,1,0.0433534433015133
NO_TRADE,0.5144544165833338,0.4855455834166662,0.0,1,0.015022606201603
NO_TRADE,0.5112900761313179,0.48870992386868206,0.0,1,0.0153627891385251
NO_TRADE,0.5161064336054807,0.48389356639451925,0.0,0,-0.004684928233217
NO_TRADE,0.5154509536354688,0.4845490463645312,0.0,0,-0.0298994483791743
NO_TRADE,0.5204659101794135,0.4795340898205865,0.0,0,-0.0090147481317461
NO_TRADE,0.5122405121514975,0.48775948784850254,0.0,1,0.0024677842690112
NO_TRADE,0.5142147344393819,0.48578526556061813,0.0,0,-0.0038716398482319
NO_TRADE,0.5166794339528563,0.48332056604714363,0.0,0,-0.0012264158792202
NO_TRADE,0.5158686000114787,0.48413139998852134,0.0,0,
