date,asset,regime,direction,model_probability,veto_risk,adjusted_confidence,signal_quality,position_size,action,horizon_days,veto_reasons
2025-04-23,ETH,R1,LONG,0.942,0.0,0.942,A,1.0,ENTER,2,[]
2025-04-24,ETH,R1,LONG,0.976,0.0,0.976,A,1.0,ENTER,2,[]
2025-04-25,ETH,R1,LONG,0.961,0.0,0.961,A,1.0,ENTER,2,[]
2025-04-26,ETH,R1,LONG,0.81,0.0,0.81,A,1.0,ENTER,2,[]
2025-04-27,ETH,R1,LONG,0.93,0.0,0.93,A,1.0,ENTER,2,[]
2025-04-28,ETH,R1,LONG,0.781,0.0,0.781,A,1.0,ENTER,2,[]
2025-04-29,ETH,R1,LONG,0.745,0.0,0.745,A,1.0,ENTER,2,[]
2025-04-30,ETH,R2,,0.0,0.0,0.0,D,0.0,NO_TRADE,2,['invalid_regime']
2025-05-01,ETH,R0,,0.0,0.0,0.0,D,0.0,NO_TRADE,2,['invalid_regime']
2025-05-02,ETH,R0,,0.0,0.0,0.0,D,0.0,NO_TRADE,2,['invalid_regime']
2025-05-03,ETH,R0,,0.0,0.0,0.0,D,0.0,NO_TRADE,2,['invalid_regime']
2025-05-04,ETH,R0,,0.0,0.0,0.0,D,0.0,NO_TRADE,2,['invalid_regime']
2025-05-05,ETH,R0,,0.0,0.0,0.0,D,0.0,NO_TRADE,2,['invalid_regime']
2025-05-06,ETH,R0,,0.0,0.0,0.0,D,0.0,NO_TRADE,2,['invalid_regime']
2025-05-07,ETH,R0,,0.0,0.0,0.0,D,0.0,NO_TRADE,2,['invalid_regime']
2025-05-08,ETH,R0,,0.0,0.0,0.0,D,0.0,NO_TRADE,2,['invalid_regime']
2025-05-09,ETH,R1,,0.0,0.0,0.0,D,0.0,NO_TRADE,2,[]
2025-05-10,ETH,R1,,0.0,0.0,0.0,D,0.0,NO_TRADE,2,[]
2025-05-11,ETH,R1,,0.0,0.0,0.0,D,0.0,NO_TRADE,2,[]
2025-05-12,ETH,R1,,0.0,0.0,0.0,D,0.0,NO_TRADE,2,[]
2025-05-13,ETH,R1,,0.0,0.0,0.0,D,0.0,NO_TRADE,2,[]
2025-05-14,ETH,R1,,0.0,0.0,0.0,D,0.0,NO_TRADE,2,[]
2025-05-15,ETH,R1,,0.0,0.0,0.0,D,0.0,NO_TRADE,2,[]
2025-05-16,ETH,R0,,0.0,0.0,0.0,D,0.0,NO_TRADE,2,['invalid_regime']
2025-05-17,ETH,R0,,0.0,0.0,0.0,D,0.0,NO_TRADE,2,['invalid_regime']
2025-05-18,ETH,R0,,0.0,0.0,0.0,D,0.0,NO_TRADE,2,['invalid_regime']
2025-05-19,ETH,R0,,0.0,0.0,0.0,D,0.0,NO_TRADE,2,['invalid_regime']
2025-05-20,ETH,R0,,0.0,0.0,0.0,D,0.0,NO_TRADE,2,['invalid_regime']
2025-05-21,ETH,R0,,0.0,0.0,0.0,D,0.0,NO_TRADE,2,['invalid_regime']
2025-05-22,ETH,R1,,0.0,0.0,0.0,D,0.0,NO_TRADE,2,[]
2025-05-23,ETH,R1,,0.0,0.0,0.0,D,0.0,NO_TRADE,2,[]
2025-05-24,ETH,R2,,0.0,0.0,0.0,D,0.0,NO_TRADE,2,['invalid_regime']
2025-05-25,ETH,R2,,0.0,0.0,0.0,D,0.0,NO_TRADE,2,['invalid_regime']
2025-05-26,ETH,R0,,0.0,0.0,0.0,D,0.0,NO_TRADE,2,['invalid_regime']
2025-05-27,ETH,R2,,0.0,0.0,0.0,D,0.0,NO_TRADE,2,['invalid_regime']
2025-05-28,ETH,R0,,0.0,0.0,0.0,D,0.0,NO_TRADE,2,['invalid_regime']
2025-05-29,ETH,R0,,0.0,0.0,0.0,D,0.0,NO_TRADE,2,['invalid_regime']
2025-05-30,ETH,R0,,0.0,0.0,0.0,D,0.0,NO_TRADE,2,['invalid_regime']
2025-05-31,ETH,R4,,0.0,0.0,0.0,D,0.0,NO_TRADE,2,['invalid_regime']
2025-06-01,ETH,R4,,0.0,0.0,0.0,D,0.0,NO_TRADE,2,['invalid_regime']
2025-06-02,ETH,R0,,0.0,0.0,0.0,D,0.0,NO_TRADE,2,['invalid_regime']
2025-06-03,ETH,R3,,0.0,0.0,0.0,D,0.0,NO_TRADE,2,[]
2025-06-04,ETH,R0,,0.0,0.0,0.0,D,0.0,NO_TRADE,2,['invalid_regime']
2025-06-05,ETH,R0,,0.0,0.0,0.0,D,0.0,NO_TRADE,2,['invalid_regime']
2025-06-06,ETH,R0,,0.0,0.0,0.0,D,0.0,NO_TRADE,2,['invalid_regime']
2025-06-07,ETH,R0,,0.0,0.0,0.0,D,0.0,NO_TRADE,2,['invalid_regime']
2025-06-08,ETH,R0,,0.0,0.0,0.0,D,0.0,NO_TRADE,2,['invalid_regime']
2025-06-09,ETH,R0,,0.0,0.0,0.0,D,0.0,NO_TRADE,2,['invalid_regime']
2025-06-10,ETH,R0,,0.0,0.0,0.0,D,0.0,NO_TRADE,2,['invalid_regime']
2025-06-11,ETH,R0,,0.0,0.0,0.0,D,0.0,NO_TRADE,2,['invalid_regime']
2025-06-12,ETH,R1,,0.0,0.0,0.0,D,0.0,NO_TRADE,2,[]
2025-06-13,ETH,R0,,0.0,0.0,0.0,D,0.0,NO_TRADE,2,['invalid_regime']
2025-06-14,ETH,R0,,0.0,0.0,0.0,D,0.0,NO_TRADE,2,['invalid_regime']
2025-06-15,ETH,R0,,0.0,0.0,0.0,D,0.0,NO_TRADE,2,['invalid_regime']
2025-06-16,ETH,R0,,0.0,0.0,0.0,D,0.0,NO_TRADE,2,['invalid_regime']
2025-06-17,ETH,R0,,0.0,0.0,0.0,D,0.0,NO_TRADE,2,['invalid_regime']
2025-06-18,ETH,R0,,0.0,0.0,0.0,D,0.0,NO_TRADE,2,['invalid_regime']
2025-06-19,ETH,R3,,0.0,0.0,0.0,D,0.0,NO_TRADE,2,[]
2025-06-20,ETH,R0,,0.0,0.0,0.0,D,0.0,NO_TRADE,2,['invalid_regime']
2025-06-21,ETH,R0,,0.0,0.0,0.0,D,0.0,NO_TRADE,2,['invalid_regime']
2025-06-22,ETH,R0,,0.0,0.0,0.0,D,0.0,NO_TRADE,2,['invalid_regime']
2025-06-23,ETH,R3,,0.0,0.0,0.0,D,0.0,NO_TRADE,2,[]
2025-06-24,ETH,R3,,0.0,0.0,0.0,D,0.0,NO_TRADE,2,[]
2025-06-25,ETH,R0,,0.0,0.0,0.0,D,0.0,NO_TRADE,2,['invalid_regime']
2025-06-26,ETH,R0,,0.0,0.0,0.0,D,0.0,NO_TRADE,2,['invalid_regime']
2025-06-27,ETH,R0,,0.0,0.0,0.0,D,0.0,NO_TRADE,2,['invalid_regime']
2025-06-28,ETH,R0,,0.0,0.0,0.0,D,0.0,NO_TRADE,2,['invalid_regime']
2025-06-29,ETH,R2,,0.0,0.0,0.0,D,0.0,NO_TRADE,2,['invalid_regime']
2025-06-30,ETH,R2,,0.0,0.0,0.0,D,0.0,NO_TRADE,2,['invalid_regime']
2025-07-01,ETH,R2,,0.0,0.0,0.0,D,0.0,NO_TRADE,2,['invalid_regime']
2025-07-02,ETH,R0,,0.0,0.0,0.0,D,0.0,NO_TRADE,2,['invalid_regime']
2025-07-03,ETH,R0,,0.0,0.0,0.0,D,0.0,NO_TRADE,2,['invalid_regime']
2025-07-04,ETH,R0,,0.0,0.0,0.0,D,0.0,NO_TRADE,2,['invalid_regime']
2025-07-05,ETH,R0,,0.0,0.0,0.0,D,0.0,NO_TRADE,2,['invalid_regime']
2025-07-06,ETH,R0,,0.0,0.0,0.0,D,0.0,NO_TRADE,2,['invalid_regime']
2025-07-07,ETH,R0,,0.0,0.0,0.0,D,0.0,NO_TRADE,2,['invalid_regime']
2025-07-08,ETH,R0,,0.0,0.0,0.0,D,0.0,NO_TRADE,2,['invalid_regime']
2025-07-09,ETH,R0,,0.0,0.0,0.0,D,0.0,NO_TRADE,2,['invalid_regime']
2025-07-10,ETH,R0,,0.0,0.0,0.0,D,0.0,NO_TRADE,2,['invalid_regime']
2025-07-11,ETH,R0,,0.0,0.0,0.0,D,0.0,NO_TRADE,2,['invalid_regime']
2025-07-12,ETH,R1,LONG,0.949,0.0,0.949,A,1.0,ENTER,2,[]
2025-07-13,ETH,R1,,0.0,0.0,0.0,D,0.0,NO_TRADE,2,[]
2025-07-14,ETH,R1,,0.0,0.0,0.0,D,0.0,NO_TRADE,2,[]
2025-07-15,ETH,R1,LONG,0.737,0.0,0.737,A,1.0,ENTER,2,[]
2025-07-16,ETH,R1,,0.0,0.0,0.0,D,0.0,NO_TRADE,2,[]
2025-07-17,ETH,R1,,0.0,0.0,0.0,D,0.0,NO_TRADE,2,[]
2025-07-18,ETH,R1,,0.0,0.0,0.0,D,0.0,NO_TRADE,2,[]
2025-07-19,ETH,R0,,0.0,0.0,0.0,D,0.0,NO_TRADE,2,['invalid_regime']
2025-07-20,ETH,R0,,0.0,0.0,0.0,D,0.0,NO_TRADE,2,['invalid_regime']
2025-07-21,ETH,R0,,0.0,0.0,0.0,D,0.0,NO_TRADE,2,['invalid_regime']
2025-07-22,ETH,R0,,0.0,0.0,0.0,D,0.0,NO_TRADE,2,['invalid_regime']
2025-07-23,ETH,R0,,0.0,0.0,0.0,D,0.0,NO_TRADE,2,['invalid_regime']
2025-07-24,ETH,R0,,0.0,0.0,0.0,D,0.0,NO_TRADE,2,['invalid_regime']
2025-07-25,ETH,R0,,0.0,0.0,0.0,D,0.0,NO_TRADE,2,['invalid_regime']
2025-07-26,ETH,R0,,0.0,0.0,0.0,D,0.0,NO_TRADE,2,['invalid_regime']
2025-07-27,ETH,R0,,0.0,0.0,0.0,D,0.0,NO_TRADE,2,['invalid_regime']
2025-07-28,ETH,R0,,0.0,0.0,0.0,D,0.0,NO_TRADE,2,['invalid_regime']
2025-07-29,ETH,R0,,0.0,0.0,0.0,D,0.0,NO_TRADE,2,['invalid_regime']
2025-07-30,ETH,R0,,0.0,0.0,0.0,D,0.0,NO_TRADE,2,['invalid_regime']
2025-07-31,ETH,R0,,0.0,0.0,0.0,D,0.0,NO_TRADE,2,['invalid_regime']
2025-08-01,ETH,R0,,0.0,0.0,0.0,D,0.0,NO_TRADE,2,['invalid_regime']
2025-08-02,ETH,R0,,0.0,0.0,0.0,D,0.0,NO_TRADE,2,['invalid_regime']
2025-08-03,ETH,R4,,0.0,0.0,0.0,D,0.0,NO_TRADE,2,['invalid_regime']
2025-08-04,ETH,R3,,0.0,0.0,0.0,D,0.0,NO_TRADE,2,[]
2025-08-05,ETH,R0,,0.0,0.0,0.0,D,0.0,NO_TRADE,2,['invalid_regime']
2025-08-06,ETH,R3,,0.0,0.0,0.0,D,0.0,NO_TRADE,2,[]
2025-08-07,ETH,R0,,0.0,0.0,0.0,D,0.0,NO_TRADE,2,['invalid_regime']
2025-08-08,ETH,R0,,0.0,0.0,0.0,D,0.0,NO_TRADE,2,['invalid_regime']
2025-08-09,ETH,R0,,0.0,0.0,0.0,D,0.0,NO_TRADE,2,['invalid_regime']
2025-08-10,ETH,R0,,0.0,0.0,0.0,D,0.0,NO_TRADE,2,['invalid_regime']
2025-08-11,ETH,R2,,0.0,0.0,0.0,D,0.0,NO_TRADE,2,['invalid_regime']
2025-08-12,ETH,R2,,0.0,0.0,0.0,D,0.0,NO_TRADE,2,['invalid_regime']
2025-08-13,ETH,R2,,0.0,0.0,0.0,D,0.0,NO_TRADE,2,['invalid_regime']
2025-08-14,ETH,R2,,0.0,0.0,0.0,D,0.0,NO_TRADE,2,['invalid_regime']
2025-08-15,ETH,R1,,0.0,0.0,0.0,D,0.0,NO_TRADE,2,[]
2025-08-16,ETH,R0,,0.0,0.0,0.0,D,0.0,NO_TRADE,2,['invalid_regime']
2025-08-17,ETH,R0,,0.0,0.0,0.0,D,0.0,NO_TRADE,2,['invalid_regime']
2025-08-18,ETH,R0,,0.0,0.0,0.0,D,0.0,NO_TRADE,2,['invalid_regime']
2025-08-19,ETH,R3,,0.0,0.0,0.0,D,0.0,NO_TRADE,2,[]
2025-08-20,ETH,R4,,0.0,0.0,0.0,D,0.0,NO_TRADE,2,['invalid_regime']
2025-08-21,ETH,R4,,0.0,0.0,0.0,D,0.0,NO_TRADE,2,['invalid_regime']
2025-08-22,ETH,R3,,0.0,0.0,0.0,D,0.0,NO_TRADE,2,[]
2025-08-23,ETH,R0,,0.0,0.0,0.0,D,0.0,NO_TRADE,2,['invalid_regime']
2025-08-24,ETH,R0,,0.0,0.0,0.0,D,0.0,NO_TRADE,2,['invalid_regime']
2025-08-25,ETH,R0,,0.0,0.0,0.0,D,0.0,NO_TRADE,2,['invalid_regime']
2025-08-26,ETH,R3,,0.0,0.0,0.0,D,0.0,NO_TRADE,2,[]
2025-08-27,ETH,R3,,0.0,0.0,0.0,D,0.0,NO_TRADE,2,[]
2025-08-28,ETH,R0,,0.0,0.0,0.0,D,0.0,NO_TRADE,2,['invalid_regime']
2025-08-29,ETH,R0,,0.0,0.0,0.0,D,0.0,NO_TRADE,2,['invalid_regime']
2025-08-30,ETH,R4,,0.0,0.0,0.0,D,0.0,NO_TRADE,2,['invalid_regime']
2025-08-31,ETH,R3,,0.0,0.0,0.0,D,0.0,NO_TRADE,2,[]
2025-09-01,ETH,R4,,0.0,0.0,0.0,D,0.0,NO_TRADE,2,['invalid_regime']
2025-09-02,ETH,R0,,0.0,0.0,0.0,D,0.0,NO_TRADE,2,['invalid_regime']
2025-09-03,ETH,R0,,0.0,0.0,0.0,D,0.0,NO_TRADE,2,['invalid_regime']
2025-09-04,ETH,R0,,0.0,0.0,0.0,D,0.0,NO_TRADE,2,['invalid_regime']
2025-09-05,ETH,R0,,0.0,0.0,0.0,D,0.0,NO_TRADE,2,['invalid_regime']
2025-09-06,ETH,R0,,0.0,0.0,0.0,D,0.0,NO_TRADE,2,['invalid_regime']
2025-09-07,ETH,R0,,0.0,0.0,0.0,D,0.0,NO_TRADE,2,['invalid_regime']
2025-09-08,ETH,R0,,0.0,0.0,0.0,D,0.0,NO_TRADE,2,['invalid_regime']
2025-09-09,ETH,R0,,0.0,0.0,0.0,D,0.0,NO_TRADE,2,['invalid_regime']
2025-09-10,ETH,R0,,0.0,0.0,0.0,D,0.0,NO_TRADE,2,['invalid_regime']
2025-09-11,ETH,R0,,0.0,0.0,0.0,D,0.0,NO_TRADE,2,['invalid_regime']
2025-09-12,ETH,R0,,0.0,0.0,0.0,D,0.0,NO_TRADE,2,['invalid_regime']
2025-09-13,ETH,R2,,0.0,0.0,0.0,D,0.0,NO_TRADE,2,['invalid_regime']
2025-09-14,ETH,R2,,0.0,0.0,0.0,D,0.0,NO_TRADE,2,['invalid_regime']
2025-09-15,ETH,R2,,0.0,0.0,0.0,D,0.0,NO_TRADE,2,['invalid_regime']
2025-09-16,ETH,R0,,0.0,0.0,0.0,D,0.0,NO_TRADE,2,['invalid_regime']
2025-09-17,ETH,R0,,0.0,0.0,0.0,D,0.0,NO_TRADE,2,['invalid_regime']
2025-09-18,ETH,R0,,0.0,0.0,0.0,D,0.0,NO_TRADE,2,['invalid_regime']
2025-09-19,ETH,R0,,0.0,0.0,0.0,D,0.0,NO_TRADE,2,['invalid_regime']
2025-09-20,ETH,R0,,0.0,0.0,0.0,D,0.0,NO_TRADE,2,['invalid_regime']
2025-09-21,ETH,R0,,0.0,0.0,0.0,D,0.0,NO_TRADE,2,['invalid_regime']
2025-09-22,ETH,R0,,0.0,0.0,0.0,D,0.0,NO_TRADE,2,['invalid_regime']
2025-09-23,ETH,R0,,0.0,0.0,0.0,D,0.0,NO_TRADE,2,['invalid_regime']
2025-09-24,ETH,R0,,0.0,0.0,0.0,D,0.0,NO_TRADE,2,['invalid_regime']
2025-09-25,ETH,R0,,0.0,0.0,0.0,D,0.0,NO_TRADE,2,['invalid_regime']
2025-09-26,ETH,R4,,0.0,0.0,0.0,D,0.0,NO_TRADE,2,['invalid_regime']
2025-09-27,ETH,R3,,0.0,0.0,0.0,D,0.0,NO_TRADE,2,[]
2025-09-28,ETH,R3,,0.0,0.0,0.0,D,0.0,NO_TRADE,2,[]
2025-09-29,ETH,R4,,0.0,0.0,0.0,D,0.0,NO_TRADE,2,['invalid_regime']
2025-09-30,ETH,R0,,0.0,0.0,0.0,D,0.0,NO_TRADE,2,['invalid_regime']
2025-10-01,ETH,R0,,0.0,0.0,0.0,D,0.0,NO_TRADE,2,['invalid_regime']
2025-10-02,ETH,R0,,0.0,0.0,0.0,D,0.0,NO_TRADE,2,['invalid_regime']
2025-10-03,ETH,R2,,0.0,0.0,0.0,D,0.0,NO_TRADE,2,['invalid_regime']
2025-10-04,ETH,R2,,0.0,0.0,0.0,D,0.0,NO_TRADE,2,['invalid_regime']
2025-10-05,ETH,R2,,0.0,0.0,0.0,D,0.0,NO_TRADE,2,['invalid_regime']
2025-10-06,ETH,R2,,0.0,0.0,0.0,D,0.0,NO_TRADE,2,['invalid_regime']
2025-10-07,ETH,R2,,0.0,0.0,0.0,D,0.0,NO_TRADE,2,['invalid_regime']
2025-10-08,ETH,R2,,0.0,0.0,0.0,D,0.0,NO_TRADE,2,['invalid_regime']
2025-10-09,ETH,R2,,0.0,0.0,0.0,D,0.0,NO_TRADE,2,['invalid_regime']
2025-10-10,ETH,R0,,0.0,0.0,0.0,D,0.0,NO_TRADE,2,['invalid_regime']
2025-10-11,ETH,R0,,0.0,0.0,0.0,D,0.0,NO_TRADE,2,['invalid_regime']
2025-10-12,ETH,R3,,0.0,0.0,0.0,D,0.0,NO_TRADE,2,[]
2025-10-13,ETH,R3,,0.0,0.0,0.0,D,0.0,NO_TRADE,2,[]
2025-10-14,ETH,R3,,0.0,0.0,0.0,D,0.0,NO_TRADE,2,[]
2025-10-15,ETH,R3,,0.0,0.0,0.0,D,0.0,NO_TRADE,2,[]
2025-10-16,ETH,R3,,0.0,0.0,0.0,D,0.0,NO_TRADE,2,[]
2025-10-17,ETH,R3,,0.0,0.0,0.0,D,0.0,NO_TRADE,2,[]
2025-10-18,ETH,R3,,0.0,0.0,0.0,D,0.0,NO_TRADE,2,[]
2025-10-19,ETH,R3,,0.0,0.0,0.0,D,0.0,NO_TRADE,2,[]
2025-10-20,ETH,R4,,0.0,0.0,0.0,D,0.0,NO_TRADE,2,['invalid_regime']
2025-10-21,ETH,R4,,0.0,0.0,0.0,D,0.0,NO_TRADE,2,['invalid_regime']
2025-10-22,ETH,R0,,0.0,0.0,0.0,D,0.0,NO_TRADE,2,['invalid_regime']
2025-10-23,ETH,R4,,0.0,0.0,0.0,D,0.0,NO_TRADE,2,['invalid_regime']
2025-10-24,ETH,R0,,0.0,0.0,0.0,D,0.0,NO_TRADE,2,['invalid_regime']
2025-10-25,ETH,R2,,0.0,0.0,0.0,D,0.0,NO_TRADE,2,['invalid_regime']
2025-10-26,ETH,R2,,0.0,0.0,0.0,D,0.0,NO_TRADE,2,['invalid_regime']
2025-10-27,ETH,R2,,0.0,0.0,0.0,D,0.0,NO_TRADE,2,['invalid_regime']
2025-10-28,ETH,R2,,0.0,0.0,0.0,D,0.0,NO_TRADE,2,['invalid_regime']
2025-10-29,ETH,R2,,0.0,0.0,0.0,D,0.0,NO_TRADE,2,['invalid_regime']
2025-10-30,ETH,R1,,0.0,0.0,0.0,D,0.0,NO_TRADE,2,[]
2025-10-31,ETH,R0,,0.0,0.0,0.0,D,0.0,NO_TRADE,2,['invalid_regime']
2025-11-01,ETH,R0,,0.0,0.0,0.0,D,0.0,NO_TRADE,2,['invalid_regime']
2025-11-02,ETH,R0,,0.0,0.0,0.0,D,0.0,NO_TRADE,2,['invalid_regime']
2025-11-03,ETH,R0,,0.0,0.0,0.0,D,0.0,NO_TRADE,2,['invalid_regime']
2025-11-04,ETH,R3,,0.0,0.0,0.0,D,0.0,NO_TRADE,2,[]
2025-11-05,ETH,R3,,0.0,0.0,0.0,D,0.0,NO_TRADE,2,[]
2025-11-06,ETH,R3,,0.0,0.0,0.0,D,0.0,NO_TRADE,2,[]
2025-11-07,ETH,R3,,0.0,0.0,0.0,D,0.0,NO_TRADE,2,[]
2025-11-08,ETH,R3,,0.0,0.0,0.0,D,0.0,NO_TRADE,2,[]
2025-11-09,ETH,R3,,0.0,0.0,0.0,D,0.0,NO_TRADE,2,[]
2025-11-10,ETH,R3,,0.0,0.0,0.0,D,0.0,NO_TRADE,2,[]
2025-11-11,ETH,R0,,0.0,0.0,0.0,D,0.0,NO_TRADE,2,['invalid_regime']
2025-11-12,ETH,R0,,0.0,0.0,0.0,D,0.0,NO_TRADE,2,['invalid_regime']
2025-11-13,ETH,R0,,0.0,0.0,0.0,D,0.0,NO_TRADE,2,['invalid_regime']
2025-11-14,ETH,R0,,0.0,0.0,0.0,D,0.0,NO_TRADE,2,['invalid_regime']
2025-11-15,ETH,R3,,0.0,0.0,0.0,D,0.0,NO_TRADE,2,[]
2025-11-16,ETH,R3,,0.0,0.0,0.0,D,0.0,NO_TRADE,2,[]
2025-11-17,ETH,R4,,0.0,0.0,0.0,D,0.0,NO_TRADE,2,['invalid_regime']
2025-11-18,ETH,R4,,0.0,0.0,0.0,D,0.0,NO_TRADE,2,['invalid_regime']
2025-11-19,ETH,R4,,0.0,0.0,0.0,D,0.0,NO_TRADE,2,['invalid_regime']
2025-11-20,ETH,R4,,0.0,0.0,0.0,D,0.0,NO_TRADE,2,['invalid_regime']
2025-11-21,ETH,R4,,0.0,0.0,0.0,D,0.0,NO_TRADE,2,['invalid_regime']
2025-11-22,ETH,R4,,0.0,0.0,0.0,D,0.0,NO_TRADE,2,['invalid_regime']
2025-11-23,ETH,R3,,0.0,0.0,0.0,D,0.0,NO_TRADE,2,[]
2025-11-24,ETH,R3,,0.0,0.0,0.0,D,0.0,NO_TRADE,2,[]
2025-11-25,ETH,R3,,0.0,0.0,0.0,D,0.0,NO_TRADE,2,[]
2025-11-26,ETH,R3,,0.0,0.0,0.0,D,0.0,NO_TRADE,2,[]
2025-11-27,ETH,R0,,0.0,0.0,0.0,D,0.0,NO_TRADE,2,['invalid_regime']
2025-11-28,ETH,R0,,0.0,0.0,0.0,D,0.0,NO_TRADE,2,['invalid_regime']
2025-11-29,ETH,R2,,0.0,0.0,0.0,D,0.0,NO_TRADE,2,['invalid_regime']
2025-11-30,ETH,R2,,0.0,0.0,0.0,D,0.0,NO_TRADE,2,['invalid_regime']
2025-12-01,ETH,R1,LONG,0.672,0.0,0.672,B,0.75,ENTER,2,[]
2025-12-02,ETH,R0,,0.0,0.0,0.0,D,0.0,NO_TRADE,2,['invalid_regime']
2025-12-03,ETH,R0,,0.0,0.0,0.0,D,0.0,NO_TRADE,2,['invalid_regime']
2025-12-04,ETH,R1,LONG,0.734,0.0,0.734,A,1.0,ENTER,2,[]
2025-12-05,ETH,R0,,0.0,0.0,0.0,D,0.0,NO_TRADE,2,['invalid_regime']
2025-12-06,ETH,R0,,0.0,0.0,0.0,D,0.0,NO_TRADE,2,['invalid_regime']
2025-12-07,ETH,R0,,0.0,0.0,0.0,D,0.0,NO_TRADE,2,['invalid_regime']
2025-12-08,ETH,R0,,0.0,0.0,0.0,D,0.0,NO_TRADE,2,['invalid_regime']
2025-12-09,ETH,R1,,0.0,0.0,0.0,D,0.0,NO_TRADE,2,[]
2025-12-10,ETH,R0,,0.0,0.0,0.0,D,0.0,NO_TRADE,2,['invalid_regime']
2025-12-11,ETH,R0,,0.0,0.0,0.0,D,0.0,NO_TRADE,2,['invalid_regime']
2025-12-12,ETH,R0,,0.0,0.0,0.0,D,0.0,NO_TRADE,2,['invalid_regime']
2025-12-13,ETH,R0,,0.0,0.0,0.0,D,0.0,NO_TRADE,2,['invalid_regime']
2025-12-14,ETH,R0,,0.0,0.0,0.0,D,0.0,NO_TRADE,2,['invalid_regime']
2025-12-15,ETH,R0,,0.0,0.0,0.0,D,0.0,NO_TRADE,2,['invalid_regime']
2025-12-16,ETH,R0,,0.0,0.0,0.0,D,0.0,NO_TRADE,2,['invalid_regime']
2025-12-17,ETH,R4,,0.0,0.0,0.0,D,0.0,NO_TRADE,2,['invalid_regime']
2025-12-18,ETH,R4,,0.0,0.0,0.0,D,0.0,NO_TRADE,2,['invalid_regime']
2025-12-19,ETH,R4,,0.0,0.0,0.0,D,0.0,NO_TRADE,2,['invalid_regime']
2025-12-20,ETH,R4,,0.0,0.0,0.0,D,0.0,NO_TRADE,2,['invalid_regime']
2025-12-21,ETH,R0,,0.0,0.0,0.0,D,0.0,NO_TRADE,2,['invalid_regime']
2025-12-22,ETH,R0,,0.0,0.0,0.0,D,0.0,NO_TRADE,2,['invalid_regime']
2025-12-23,ETH,R0,,0.0,0.0,0.0,D,0.0,NO_TRADE,2,['invalid_regime']
2025-12-24,ETH,R0,,0.0,0.0,0.0,D,0.0,NO_TRADE,2,['invalid_regime']
2025-12-25,ETH,R0,,0.0,0.0,0.0,D,0.0,NO_TRADE,2,['invalid_regime']
2025-12-26,ETH,R0,,0.0,0.0,0.0,D,0.0,NO_TRADE,2,['invalid_regime']
2025-12-27,ETH,R0,,0.0,0.0,0.0,D,0.0,NO_TRADE,2,['invalid_regime']
2025-12-28,ETH,R0,,0.0,0.0,0.0,D,0.0,NO_TRADE,2,['invalid_regime']
2025-12-29,ETH,R0,,0.0,0.0,0.0,D,0.0,NO_TRADE,2,['invalid_regime']
2025-12-30,ETH,R0,,0.0,0.0,0.0,D,0.0,NO_TRADE,2,['invalid_regime']
