trade_id,entry_date,direction,regime,entry_price,confidence,position_size,reasons,mae_pct,mfe_pct,final_pct,trade_days,window_days,max_price,min_price,signal_details
1,2017-11-19,LONG,R2,353.43572964676,0.5611939211401025,0.25,ml_accumulation|price_confirmation,0.0,197.65619937703258,197.65619937703258,48,48,1052.02336010703,353.43572964676,"{""date"": ""2017-11-19"", ""regime"": ""R2"", ""direction"": ""LONG"", ""model_probability"": 0.43068467187870174, ""adjusted_confidence"": 0.5611939211401025, ""position_size"": 0.25, ""reasons"": [""ml_accumulation"", ""price_confirmation""], ""action"": ""ENTER"", ""engine"": ""core_trend""}"
2,2017-11-21,LONG,R2,361.055822571048,0.5650034449496264,0.25,ml_accumulation|price_confirmation,0.0,228.18302772137474,228.18302772137474,48,48,1184.92393027798,361.055822571048,"{""date"": ""2017-11-21"", ""regime"": ""R2"", ""direction"": ""LONG"", ""model_probability"": 0.43449419568822556, ""adjusted_confidence"": 0.5650034449496264, ""position_size"": 0.25, ""reasons"": [""ml_accumulation"", ""price_confirmation""], ""action"": ""ENTER"", ""engine"": ""core_trend""}"
3,2017-11-24,LONG,R2,475.002014978137,0.5611939211401025,0.25,ml_accumulation|price_confirmation,-9.822394467935569,186.61766168326207,148.76766261400348,48,48,1361.4396682787146,428.345443336342,"{""date"": ""2017-11-24"", ""regime"": ""R2"", ""direction"": ""LONG"", ""model_probability"": 0.43068467187870174, ""adjusted_confidence"": 0.5611939211401025, ""position_size"": 0.25, ""reasons"": [""ml_accumulation"", ""price_confirmation""], ""action"": ""ENTER"", ""engine"": ""core_trend""}"
4,2017-11-25,LONG,R2,467.446390045639,0.5650034449496264,0.25,ml_accumulation|price_confirmation,-8.364798090638681,191.25044010839204,181.44805181948806,48,48,1361.4396682787146,428.345443336342,"{""date"": ""2017-11-25"", ""regime"": ""R2"", ""direction"": ""LONG"", ""model_probability"": 0.43449419568822556, ""adjusted_confidence"": 0.5650034449496264, ""position_size"": 0.25, ""reasons"": [""ml_accumulation"", ""price_confirmation""], ""action"": ""ENTER"", ""engine"": ""core_trend""}"
5,2017-11-28,LONG,R2,474.182894748523,0.5650034449496264,0.25,ml_accumulation|price_confirmation,-9.666618496749091,205.40538306474056,180.41319314344148,48,48,1448.1800861342022,428.345443336342,"{""date"": ""2017-11-28"", ""regime"": ""R2"", ""direction"": ""LONG"", ""model_probability"": 0.43449419568822556, ""adjusted_confidence"": 0.5650034449496264, ""position_size"": 0.25, ""reasons"": [""ml_accumulation"", ""price_confirmation""], ""action"": ""ENTER"", ""engine"": ""core_trend""}"
6,2017-12-02,LONG,R2,469.857050536754,0.5650034449496264,0.25,ml_accumulation|price_confirmation,-4.930434146245477,208.2171661529468,122.8121502486597,48,48,1448.1800861342022,446.691058078548,"{""date"": ""2017-12-02"", ""regime"": ""R2"", ""direction"": ""LONG"", ""model_probability"": 0.43449419568822556, ""adjusted_confidence"": 0.5650034449496264, ""position_size"": 0.25, ""reasons"": [""ml_accumulation"", ""price_confirmation""], ""action"": ""ENTER"", ""engine"": ""core_trend""}"
7,2017-12-11,LONG,R2,509.000876237775,0.5650034449496264,0.25,ml_accumulation|price_confirmation,0.0,184.5142619082051,143.0888105718686,48,48,1448.1800861342022,509.000876237775,"{""date"": ""2017-12-11"", ""regime"": ""R2"", ""direction"": ""LONG"", ""model_probability"": 0.43449419568822556, ""adjusted_confidence"": 0.5650034449496264, ""position_size"": 0.25, ""reasons"": [""ml_accumulation"", ""price_confirmation""], ""action"": ""ENTER"", ""engine"": ""core_trend""}"
8,2017-12-18,LONG,R1,798.115404033608,0.5449237952720665,0.25,ml_accumulation|price_confirmation,-16.142892505654196,81.44996059657814,18.003389579843933,48,48,1448.1800861342022,669.276492289395,"{""date"": ""2017-12-18"", ""regime"": ""R1"", ""direction"": ""LONG"", ""model_probability"": 0.43068467187870174, ""adjusted_confidence"": 0.5449237952720665, ""position_size"": 0.25, ""reasons"": [""ml_accumulation"", ""price_confirmation""], ""action"": ""ENTER"", ""engine"": ""core_trend""}"
9,2017-12-19,LONG,R1,829.989201766042,0.5487333190815903,0.25,ml_accumulation|price_confirmation,-19.36322895944721,74.48179844421834,0.5903653393161568,48,48,1448.1800861342022,669.276492289395,"{""date"": ""2017-12-19"", ""regime"": ""R1"", ""direction"": ""LONG"", ""model_probability"": 0.43449419568822556, ""adjusted_confidence"": 0.5487333190815903, ""position_size"": 0.25, ""reasons"": [""ml_accumulation"", ""price_confirmation""], ""action"": ""ENTER"", ""engine"": ""core_trend""}"
10,2017-12-25,SHORT,R5,733.902545910265,0.85,1.0,btc_breakdown|vol_expansion,-97.32593846476078,6.756919765428071,-16.411897353765802,48,48,1448.1800861342022,684.3133397266745,"{""date"": ""2017-12-25"", ""regime"": ""R5"", ""direction"": ""SHORT"", ""model_probability"": 0.8005888847994111, ""adjusted_confidence"": 0.85, ""position_size"": 1.0, ""reasons"": [""btc_breakdown"", ""vol_expansion""], ""action"": ""ENTER"", ""engine"": ""core_trend""}"
11,2017-12-30,LONG,R1,736.909191519636,0.5650034449496264,0.25,ml_accumulation|price_confirmation,-7.137358632275936,96.52083361150656,25.971223060770264,48,48,1448.1800861342022,684.3133397266745,"{""date"": ""2017-12-30"", ""regime"": ""R1"", ""direction"": ""LONG"", ""model_probability"": 0.43449419568822556, ""adjusted_confidence"": 0.5650034449496264, ""position_size"": 0.25, ""reasons"": [""ml_accumulation"", ""price_confirmation""], ""action"": ""ENTER"", ""engine"": ""core_trend""}"
12,2018-01-05,LONG,R1,1004.8949722625624,0.5741606369883622,0.25,ml_accumulation|price_confirmation,-31.902003829722148,44.11258152417312,-17.040347185138916,48,48,1448.1800861342022,684.3133397266745,"{""date"": ""2018-01-05"", ""regime"": ""R1"", ""direction"": ""LONG"", ""model_probability"": 0.43449419568822556, ""adjusted_confidence"": 0.5741606369883622, ""position_size"": 0.25, ""reasons"": [""ml_accumulation"", ""price_confirmation""], ""action"": ""ENTER"", ""engine"": ""core_trend""}"
13,2018-01-06,LONG,R1,1052.02336010703,0.5741606369883622,0.25,ml_accumulation|price_confirmation,-34.95264785212998,37.65664728080451,-19.4197867759654,48,48,1448.1800861342022,684.3133397266745,"{""date"": ""2018-01-06"", ""regime"": ""R1"", ""direction"": ""LONG"", ""model_probability"": 0.43449419568822556, ""adjusted_confidence"": 0.5741606369883622, ""position_size"": 0.25, ""reasons"": [""ml_accumulation"", ""price_confirmation""], ""action"": ""ENTER"", ""engine"": ""core_trend""}"
14,2018-01-07,LONG,R1,1137.6549188901813,0.5741606369883622,0.25,ml_accumulation|price_confirmation,-39.848777659727965,27.295198402249078,-25.996157654601546,48,48,1448.1800861342022,684.3133397266745,"{""date"": ""2018-01-07"", ""regime"": ""R1"", ""direction"": ""LONG"", ""model_probability"": 0.43449419568822556, ""adjusted_confidence"": 0.5741606369883622, ""position_size"": 0.25, ""reasons"": [""ml_accumulation"", ""price_confirmation""], ""action"": ""ENTER"", ""engine"": ""core_trend""}"
15,2018-01-16,SHORT,R5,1068.6004106894156,0.7340841084688532,1.0,vol_expansion,-15.78922892688459,35.9617184420522,20.777710458259126,48,48,1237.3241758467964,684.3133397266745,"{""date"": ""2018-01-16"", ""regime"": ""R5"", ""direction"": ""SHORT"", ""model_probability"": 0.6466666666666667, ""adjusted_confidence"": 0.7340841084688532, ""position_size"": 1.0, ""reasons"": [""vol_expansion""], ""action"": ""ENTER"", ""engine"": ""core_trend""}"
16,2018-01-18,SHORT,R5,1036.072312788025,0.85,1.0,btc_breakdown|vol_expansion,-19.42449967775042,33.95119903501549,24.965174856159166,48,48,1237.3241758467964,684.3133397266745,"{""date"": ""2018-01-18"", ""regime"": ""R5"", ""direction"": ""SHORT"", ""model_probability"": 0.8424242424242424, ""adjusted_confidence"": 0.85, ""position_size"": 1.0, ""reasons"": [""btc_breakdown"", ""vol_expansion""], ""action"": ""ENTER"", ""engine"": ""core_trend""}"
17,2018-01-22,SHORT,R5,1000.3871327788332,0.8438425825947342,1.0,btc_breakdown|vol_expansion,-23.684535246850835,31.595147787855115,30.274073400666836,48,48,1237.3241758467964,684.3133397266745,"{""date"": ""2018-01-22"", ""regime"": ""R5"", ""direction"": ""SHORT"", ""model_probability"": 0.7133333333333334, ""adjusted_confidence"": 0.8438425825947342, ""position_size"": 1.0, ""reasons"": [""btc_breakdown"", ""vol_expansion""], ""action"": ""ENTER"", ""engine"": ""core_trend""}"
18,2018-01-30,SHORT,R5,1161.9086430994253,0.85,1.0,btc_breakdown,-0.0,56.23638894824347,53.54977061186097,48,48,1161.9086430994253,508.4931793427744,"{""date"": ""2018-01-30"", ""regime"": ""R5"", ""direction"": ""SHORT"", ""model_probability"": 0.9490662139219015, ""adjusted_confidence"": 0.85, ""position_size"": 1.0, ""reasons"": [""btc_breakdown""], ""action"": ""ENTER"", ""engine"": ""core_trend""}"
19,2018-02-01,SHORT,R5,1106.1381723552724,0.8007507751355198,1.0,btc_breakdown,-0.0,54.029867872649895,48.495927016023074,48,48,1106.1381723552724,508.4931793427744,"{""date"": ""2018-02-01"", ""regime"": ""R5"", ""direction"": ""SHORT"", ""model_probability"": 0.7133333333333334, ""adjusted_confidence"": 0.8007507751355198, ""position_size"": 1.0, ""reasons"": [""btc_breakdown""], ""action"": ""ENTER"", ""engine"": ""core_trend""}"
20,2018-02-06,SHORT,R5,684.3133397266745,0.85,1.0,btc_breakdown,-40.91154620716304,27.38267508120744,27.38267508120744,48,48,964.2765079107336,496.93004137196,"{""date"": ""2018-02-06"", ""regime"": ""R5"", ""direction"": ""SHORT"", ""model_probability"": 0.8424242424242424, ""adjusted_confidence"": 0.85, ""position_size"": 1.0, ""reasons"": [""btc_breakdown""], ""action"": ""ENTER"", ""engine"": ""core_trend""}"
21,2018-02-07,SHORT,R5,785.7389155049871,0.85,1.0,btc_breakdown,-22.722254031544576,41.17164964383259,41.17164964383259,48,48,964.2765079107336,462.237242098024,"{""date"": ""2018-02-07"", ""regime"": ""R5"", ""direction"": ""SHORT"", ""model_probability"": 0.9490662139219015, ""adjusted_confidence"": 0.85, ""position_size"": 1.0, ""reasons"": [""btc_breakdown""], ""action"": ""ENTER"", ""engine"": ""core_trend""}"
22,2018-02-23,SHORT,R5,847.7226667408981,0.85,1.0,btc_breakdown|low_volatility,-2.8065731658570403,56.09425670784021,47.655215677797756,48,48,871.5146236265358,372.19893788871,"{""date"": ""2018-02-23"", ""regime"": ""R5"", ""direction"": ""SHORT"", ""model_probability"": 0.8294652317081763, ""adjusted_confidence"": 0.85, ""position_size"": 1.0, ""reasons"": [""btc_breakdown"", ""low_volatility""], ""action"": ""ENTER"", ""engine"": ""core_trend""}"
23,2018-03-07,SHORT,R5,777.4150482642423,0.85,1.0,btc_breakdown|low_volatility,-0.0,52.12352285696943,12.258662561586686,48,48,777.4150482642423,372.19893788871,"{""date"": ""2018-03-07"", ""regime"": ""R5"", ""direction"": ""SHORT"", ""model_probability"": 1.0, ""adjusted_confidence"": 0.85, ""position_size"": 1.0, ""reasons"": [""btc_breakdown"", ""low_volatility""], ""action"": ""ENTER"", ""engine"": ""core_trend""}"
24,2018-03-08,SHORT,R5,738.3069197892082,0.85,1.0,btc_breakdown|low_volatility,-0.0,49.58750515368657,12.85768895654773,48,48,738.3069197892082,372.19893788871,"{""date"": ""2018-03-08"", ""regime"": ""R5"", ""direction"": ""SHORT"", ""model_probability"": 1.0, ""adjusted_confidence"": 0.85, ""position_size"": 1.0, ""reasons"": [""btc_breakdown"", ""low_volatility""], ""action"": ""ENTER"", ""engine"": ""core_trend""}"
25,2018-03-12,SHORT,R5,711.0293462579082,0.7279451466972982,1.0,btc_breakdown|vol_expansion,-0.0,47.653505463935645,4.945866440966562,48,48,711.0293462579082,372.19893788871,"{""date"": ""2018-03-12"", ""regime"": ""R5"", ""direction"": ""SHORT"", ""model_probability"": 0.5974358974358974, ""adjusted_confidence"": 0.7279451466972982, ""position_size"": 1.0, ""reasons"": [""btc_breakdown"", ""vol_expansion""], ""action"": ""ENTER"", ""engine"": ""core_trend""}"
26,2018-03-14,SHORT,R5,659.5446556854372,0.85,1.0,btc_breakdown|vol_expansion,-3.422013189636064,43.567287721875445,1.037699246037349,48,48,682.1143607945326,372.19893788871,"{""date"": ""2018-03-14"", ""regime"": ""R5"", ""direction"": ""SHORT"", ""model_probability"": 0.968421052631579, ""adjusted_confidence"": 0.85, ""position_size"": 1.0, ""reasons"": [""btc_breakdown"", ""vol_expansion""], ""action"": ""ENTER"", ""engine"": ""core_trend""}"
27,2018-03-18,SHORT,R5,508.4931793427744,0.85,1.0,btc_breakdown|vol_expansion,-57.48360302528599,26.803553516730393,-57.48360302528599,48,48,800.7933799668303,372.19893788871,"{""date"": ""2018-03-18"", ""regime"": ""R5"", ""direction"": ""SHORT"", ""model_probability"": 1.0, ""adjusted_confidence"": 0.85, ""position_size"": 1.0, ""reasons"": [""btc_breakdown"", ""vol_expansion""], ""action"": ""ENTER"", ""engine"": ""core_trend""}"
28,2018-03-19,SHORT,R5,539.7092300002967,0.85,1.0,btc_breakdown|vol_expansion,-48.37496478731522,31.037136813742205,-45.789414070864964,48,48,800.7933799668303,372.19893788871,"{""date"": ""2018-03-19"", ""regime"": ""R5"", ""direction"": ""SHORT"", ""model_probability"": 1.0, ""adjusted_confidence"": 0.85, ""position_size"": 1.0, ""reasons"": [""btc_breakdown"", ""vol_expansion""], ""action"": ""ENTER"", ""engine"": ""core_trend""}"
29,2018-03-27,SHORT,R5,462.237242098024,0.85,1.0,btc_breakdown,-73.24293826524058,19.478807852141887,-55.35280104052453,48,48,800.7933799668303,372.19893788871,"{""date"": ""2018-03-27"", ""regime"": ""R5"", ""direction"": ""SHORT"", ""model_probability"": 0.9833333333333332, ""adjusted_confidence"": 0.85, ""position_size"": 1.0, ""reasons"": [""btc_breakdown""], ""action"": ""ENTER"", ""engine"": ""core_trend""}"
30,2018-03-28,SHORT,R5,449.1819996451986,0.6515200059047506,0.75,btc_breakdown,-78.27815464541405,17.138501056875878,-60.408193413563914,48,48,800.7933799668303,372.19893788871,"{""date"": ""2018-03-28"", ""regime"": ""R5"", ""direction"": ""SHORT"", ""model_probability"": 0.5641025641025641, ""adjusted_confidence"": 0.6515200059047506, ""position_size"": 0.75, ""reasons"": [""btc_breakdown""], ""action"": ""ENTER"", ""engine"": ""core_trend""}"
31,2018-04-05,SHORT,R5,378.9321733914444,0.85,1.0,btc_breakdown|vol_expansion,-111.32894913612814,1.7768972854619092,-62.374347809869924,48,48,800.7933799668303,372.19893788871,"{""date"": ""2018-04-05"", ""regime"": ""R5"", ""direction"": ""SHORT"", ""model_probability"": 0.9490662139219015, ""adjusted_confidence"": 0.85, ""position_size"": 1.0, ""reasons"": [""btc_breakdown"", ""vol_expansion""], ""action"": ""ENTER"", ""engine"": ""core_trend""}"
32,2018-04-18,SHORT,R5,507.4187831027186,0.85,1.0,vol_expansion,-57.817054991581365,-0.0,-15.907192691553828,48,48,800.7933799668303,507.4187831027186,"{""date"": ""2018-04-18"", ""regime"": ""R5"", ""direction"": ""SHORT"", ""model_probability"": 0.8775119617224881, ""adjusted_confidence"": 0.85, ""position_size"": 1.0, ""reasons"": [""vol_expansion""], ""action"": ""ENTER"", ""engine"": ""core_trend""}"
33,2018-05-07,SHORT,R5,738.351918164437,0.85,1.0,vol_expansion,-0.9190499967152599,38.93938597117618,38.93938597117618,48,48,745.1377414440744,450.84221492480407,"{""date"": ""2018-05-07"", ""regime"": ""R5"", ""direction"": ""SHORT"", ""model_probability"": 1.0, ""adjusted_confidence"": 0.85, ""position_size"": 1.0, ""reasons"": [""vol_expansion""], ""action"": ""ENTER"", ""engine"": ""core_trend""}"
34,2018-05-08,SHORT,R5,744.7608040382703,0.85,1.0,btc_breakdown|vol_expansion,-0.05061187481407714,39.46483052273558,38.799342565779114,48,48,745.1377414440744,450.84221492480407,"{""date"": ""2018-05-08"", ""regime"": ""R5"", ""direction"": ""SHORT"", ""model_probability"": 1.0, ""adjusted_confidence"": 0.85, ""position_size"": 1.0, ""reasons"": [""btc_breakdown"", ""vol_expansion""], ""action"": ""ENTER"", ""engine"": ""core_trend""}"
35,2018-05-23,SHORT,R5,615.2886451861233,0.85,1.0,btc_breakdown|low_volatility,-0.0,32.4751246438206,27.215040239904532,48,48,615.2886451861233,415.4728907426547,"{""date"": ""2018-05-23"", ""regime"": ""R5"", ""direction"": ""SHORT"", ""model_probability"": 1.0, ""adjusted_confidence"": 0.85, ""position_size"": 1.0, ""reasons"": [""btc_breakdown"", ""low_volatility""], ""action"": ""ENTER"", ""engine"": ""core_trend""}"
36,2018-05-28,SHORT,R5,535.1220382972809,0.85,1.0,btc_breakdown,-12.593260336931444,22.359226305711687,17.648635859132177,48,48,602.5113497003515,415.4728907426547,"{""date"": ""2018-05-28"", ""regime"": ""R5"", ""direction"": ""SHORT"", ""model_probability"": 1.0, ""adjusted_confidence"": 0.85, ""position_size"": 1.0, ""reasons"": [""btc_breakdown""], ""action"": ""ENTER"", ""engine"": ""core_trend""}"
37,2018-06-24,SHORT,R5,450.84221492480407,0.85,1.0,btc_breakdown|vol_expansion,-9.368311404373797,29.37389061604406,29.37389061604406,48,48,493.0785175613359,318.4123158618418,"{""date"": ""2018-06-24"", ""regime"": ""R5"", ""direction"": ""SHORT"", ""model_probability"": 1.0, ""adjusted_confidence"": 0.85, ""position_size"": 1.0, ""reasons"": [""btc_breakdown"", ""vol_expansion""], ""action"": ""ENTER"", ""engine"": ""core_trend""}"
38,2018-06-25,SHORT,R5,455.7985083838109,0.85,1.0,vol_expansion,-8.179054668194063,30.141869706664615,29.471357159706468,48,48,493.0785175613359,318.4123158618418,"{""date"": ""2018-06-25"", ""regime"": ""R5"", ""direction"": ""SHORT"", ""model_probability"": 1.0, ""adjusted_confidence"": 0.85, ""position_size"": 1.0, ""reasons"": [""vol_expansion""], ""action"": ""ENTER"", ""engine"": ""core_trend""}"
39,2018-08-01,SHORT,R5,421.6037170608572,0.85,1.0,btc_breakdown,-0.0,58.29121321642001,51.75599156076407,48,48,421.6037170608572,175.8457954205608,"{""date"": ""2018-08-01"", ""regime"": ""R5"", ""direction"": ""SHORT"", ""model_probability"": 0.8775119617224881, ""adjusted_confidence"": 0.85, ""position_size"": 1.0, ""reasons"": [""btc_breakdown""], ""action"": ""ENTER"", ""engine"": ""core_trend""}"
40,2018-09-06,SHORT,R5,226.51653356399416,0.85,1.0,btc_breakdown,-7.130329058300244,22.369553933297393,9.668914889774438,48,48,242.66790777856207,175.8457954205608,"{""date"": ""2018-09-06"", ""regime"": ""R5"", ""direction"": ""SHORT"", ""model_probability"": 0.9806451612903226, ""adjusted_confidence"": 0.85, ""position_size"": 1.0, ""reasons"": [""btc_breakdown""], ""action"": ""ENTER"", ""engine"": ""core_trend""}"
41,2018-09-18,SHORT,R5,203.3985328389723,0.85,1.0,vol_expansion,-19.30661661688522,3.2201178026087685,-2.593040779699085,48,48,242.66790777856207,196.8488604727795,"{""date"": ""2018-09-18"", ""regime"": ""R5"", ""direction"": ""SHORT"", ""model_probability"": 0.9306451612903226, ""adjusted_confidence"": 0.85, ""position_size"": 1.0, ""reasons"": [""vol_expansion""], ""action"": ""ENTER"", ""engine"": ""core_trend""}"
42,2018-09-24,LONG,R1,236.5002745331576,0.5346736062872941,0.25,ml_accumulation|price_confirmation,-16.765906144780786,0.0,-10.42730005003386,48,48,236.5002745331576,196.8488604727795,"{""date"": ""2018-09-24"", ""regime"": ""R1"", ""direction"": ""LONG"", ""model_probability"": 0.3900694692759215, ""adjusted_confidence"": 0.5346736062872941, ""position_size"": 0.25, ""reasons"": [""ml_accumulation"", ""price_confirmation""], ""action"": ""ENTER"", ""engine"": ""core_trend""}"
43,2018-10-12,SHORT,R5,196.8488604727795,0.85,1.0,btc_breakdown,-11.640562774002273,45.48231453481721,39.48005317494142,48,48,219.76317564602155,107.31744259434645,"{""date"": ""2018-10-12"", ""regime"": ""R5"", ""direction"": ""SHORT"", ""model_probability"": 1.0, ""adjusted_confidence"": 0.85, ""position_size"": 1.0, ""reasons"": [""btc_breakdown""], ""action"": ""ENTER"", ""engine"": ""core_trend""}"
44,2018-11-14,SHORT,R5,198.1882570983928,0.85,1.0,vol_expansion,-0.0,57.803580214650886,32.55826934616331,48,48,198.1882570983928,83.6283489305048,"{""date"": ""2018-11-14"", ""regime"": ""R5"", ""direction"": ""SHORT"", ""model_probability"": 0.9639784946236558, ""adjusted_confidence"": 0.85, ""position_size"": 1.0, ""reasons"": [""vol_expansion""], ""action"": ""ENTER"", ""engine"": ""core_trend""}"
45,2018-11-15,SHORT,R5,179.17811066106492,0.85,1.0,btc_breakdown|vol_expansion,-0.0,53.326693410281,18.590156202820495,48,48,179.17811066106492,83.6283489305048,"{""date"": ""2018-11-15"", ""regime"": ""R5"", ""direction"": ""SHORT"", ""model_probability"": 0.9306451612903226, ""adjusted_confidence"": 0.85, ""position_size"": 1.0, ""reasons"": [""btc_breakdown"", ""vol_expansion""], ""action"": ""ENTER"", ""engine"": ""core_trend""}"
46,2018-11-16,SHORT,R5,178.9978462538656,0.7860953261725083,1.0,btc_breakdown|vol_expansion,-0.0,53.27968985062647,16.790752207536606,48,48,178.9978462538656,83.6283489305048,"{""date"": ""2018-11-16"", ""regime"": ""R5"", ""direction"": ""SHORT"", ""model_probability"": 0.6555860769111075, ""adjusted_confidence"": 0.7860953261725083, ""position_size"": 1.0, ""reasons"": [""btc_breakdown"", ""vol_expansion""], ""action"": ""ENTER"", ""engine"": ""core_trend""}"
47,2018-11-20,SHORT,R5,140.38716556001722,0.85,1.0,btc_breakdown|vol_expansion,-11.206799527803524,40.4302034328397,-8.589525421766652,48,48,156.12007376709397,83.6283489305048,"{""date"": ""2018-11-20"", ""regime"": ""R5"", ""direction"": ""SHORT"", ""model_probability"": 1.0, ""adjusted_confidence"": 0.85, ""position_size"": 1.0, ""reasons"": [""btc_breakdown"", ""vol_expansion""], ""action"": ""ENTER"", ""engine"": ""core_trend""}"
48,2018-11-26,SHORT,R5,113.37344917212845,0.85,1.0,btc_breakdown|vol_expansion,-37.70426401164328,26.236389965046712,-6.644134932764145,48,48,156.12007376709397,83.6283489305048,"{""date"": ""2018-11-26"", ""regime"": ""R5"", ""direction"": ""SHORT"", ""model_probability"": 0.9639784946236558, ""adjusted_confidence"": 0.85, ""position_size"": 1.0, ""reasons"": [""btc_breakdown"", ""vol_expansion""], ""action"": ""ENTER"", ""engine"": ""core_trend""}"
49,2018-12-03,LONG,R1,112.02213640180064,0.5346736062872941,0.25,ml_accumulation|price_confirmation,-25.34658629384918,39.365377934877976,7.2617687684985555,48,48,156.12007376709397,83.6283489305048,"{""date"": ""2018-12-03"", ""regime"": ""R1"", ""direction"": ""LONG"", ""model_probability"": 0.3900694692759215, ""adjusted_confidence"": 0.5346736062872941, ""position_size"": 0.25, ""reasons"": [""ml_accumulation"", ""price_confirmation""], ""action"": ""ENTER"", ""engine"": ""core_trend""}"
50,2018-12-05,LONG,R1,106.55463491909782,0.5043085926692863,0.25,ml_accumulation|price_confirmation,-21.515991309059366,46.51645504264452,9.564208111258443,48,48,156.12007376709397,83.6283489305048,"{""date"": ""2018-12-05"", ""regime"": ""R1"", ""direction"": ""LONG"", ""model_probability"": 0.3900694692759215, ""adjusted_confidence"": 0.5043085926692863, ""position_size"": 0.25, ""reasons"": [""ml_accumulation"", ""price_confirmation""], ""action"": ""ENTER"", ""engine"": ""core_trend""}"
51,2018-12-06,SHORT,R5,99.95881673468352,0.85,1.0,btc_breakdown|low_volatility,-56.18439560111732,16.337195994950594,-17.52113753222513,48,48,156.12007376709397,83.6283489305048,"{""date"": ""2018-12-06"", ""regime"": ""R5"", ""direction"": ""SHORT"", ""model_probability"": 0.9833333333333332, ""adjusted_confidence"": 0.85, ""position_size"": 1.0, ""reasons"": [""btc_breakdown"", ""low_volatility""], ""action"": ""ENTER"", ""engine"": ""core_trend""}"
52,2018-12-07,SHORT,R5,87.15380919623618,0.85,1.0,btc_breakdown|low_volatility,-79.13166986835058,4.045101755441838,-32.87263391670794,48,48,156.12007376709397,83.6283489305048,"{""date"": ""2018-12-07"", ""regime"": ""R5"", ""direction"": ""SHORT"", ""model_probability"": 0.9833333333333332, ""adjusted_confidence"": 0.85, ""position_size"": 1.0, ""reasons"": [""btc_breakdown"", ""low_volatility""], ""action"": ""ENTER"", ""engine"": ""core_trend""}"
53,2018-12-08,SHORT,R5,90.57274855780769,0.85,1.0,btc_breakdown|vol_expansion,-72.36980907943958,7.667206458762433,-27.68935177161238,48,48,156.12007376709397,83.6283489305048,"{""date"": ""2018-12-08"", ""regime"": ""R5"", ""direction"": ""SHORT"", ""model_probability"": 0.9639784946236558, ""adjusted_confidence"": 0.85, ""position_size"": 1.0, ""reasons"": [""btc_breakdown"", ""vol_expansion""], ""action"": ""ENTER"", ""engine"": ""core_trend""}"
54,2018-12-14,SHORT,R5,85.34066461131134,0.85,1.0,vol_expansion,-82.93749466113402,2.0064475576858642,-26.072270562364675,48,48,156.12007376709397,83.6283489305048,"{""date"": ""2018-12-14"", ""regime"": ""R5"", ""direction"": ""SHORT"", ""model_probability"": 0.8441786283891547, ""adjusted_confidence"": 0.85, ""position_size"": 1.0, ""reasons"": [""vol_expansion""], ""action"": ""ENTER"", ""engine"": ""core_trend""}"
55,2018-12-15,SHORT,R5,83.6283489305048,0.85,1.0,btc_breakdown|low_volatility,-86.68319506921011,-0.0,-26.815159711398696,48,48,156.12007376709397,83.6283489305048,"{""date"": ""2018-12-15"", ""regime"": ""R5"", ""direction"": ""SHORT"", ""model_probability"": 0.9639784946236558, ""adjusted_confidence"": 0.85, ""position_size"": 1.0, ""reasons"": [""btc_breakdown"", ""low_volatility""], ""action"": ""ENTER"", ""engine"": ""core_trend""}"
56,2018-12-22,LONG,R1,109.767523991988,0.5346736062872941,0.25,ml_accumulation|price_confirmation,-5.456808159363236,42.22792688526824,0.2771830753451665,48,48,156.12007376709397,103.7777207864622,"{""date"": ""2018-12-22"", ""regime"": ""R1"", ""direction"": ""LONG"", ""model_probability"": 0.3900694692759215, ""adjusted_confidence"": 0.5346736062872941, ""position_size"": 0.25, ""reasons"": [""ml_accumulation"", ""price_confirmation""], ""action"": ""ENTER"", ""engine"": ""core_trend""}"
57,2018-12-24,LONG,R1,144.1429382173511,0.5691767275046277,0.25,ml_accumulation|price_confirmation,-28.00360387410915,8.30920730343565,-18.0280345658541,48,48,156.12007376709397,103.7777207864622,"{""date"": ""2018-12-24"", ""regime"": ""R1"", ""direction"": ""LONG"", ""model_probability"": 0.429510286204491, ""adjusted_confidence"": 0.5691767275046277, ""position_size"": 0.25, ""reasons"": [""ml_accumulation"", ""price_confirmation""], ""action"": ""ENTER"", ""engine"": ""core_trend""}"
58,2018-12-25,LONG,R1,127.5444314029138,0.5346736062872941,0.25,ml_accumulation|price_confirmation,-18.634063718056325,22.404460978707498,-5.064636871908101,48,48,156.12007376709397,103.7777207864622,"{""date"": ""2018-12-25"", ""regime"": ""R1"", ""direction"": ""LONG"", ""model_probability"": 0.3900694692759215, ""adjusted_confidence"": 0.5346736062872941, ""position_size"": 0.25, ""reasons"": [""ml_accumulation"", ""price_confirmation""], ""action"": ""ENTER"", ""engine"": ""core_trend""}"
59,2018-12-28,SHORT,R5,120.86627148925174,0.85,1.0,vol_expansion,-29.167609659388916,14.13839484931011,-0.9603038539802489,48,48,156.12007376709397,103.7777207864622,"{""date"": ""2018-12-28"", ""regime"": ""R5"", ""direction"": ""SHORT"", ""model_probability"": 0.9639784946236558, ""adjusted_confidence"": 0.85, ""position_size"": 1.0, ""reasons"": [""vol_expansion""], ""action"": ""ENTER"", ""engine"": ""core_trend""}"
60,2019-01-08,LONG,R1,148.73698557405254,0.5205787185373223,0.25,ml_accumulation|price_confirmation,-30.227360473973174,3.147132803136654,-7.323205840282987,48,48,153.41793603745018,103.7777207864622,"{""date"": ""2019-01-08"", ""regime"": ""R1"", ""direction"": ""LONG"", ""model_probability"": 0.3900694692759215, ""adjusted_confidence"": 0.5205787185373223, ""position_size"": 0.25, ""reasons"": [""ml_accumulation"", ""price_confirmation""], ""action"": ""ENTER"", ""engine"": ""core_trend""}"
61,2019-02-21,LONG,R1,145.47334795497264,0.5205787185373223,0.25,ml_accumulation|price_confirmation,-12.95612237643169,23.21892344830836,22.9278834941405,48,48,179.25069325432898,126.6256429688341,"{""date"": ""2019-02-21"", ""regime"": ""R1"", ""direction"": ""LONG"", ""model_probability"": 0.3900694692759215, ""adjusted_confidence"": 0.5205787185373223, ""position_size"": 0.25, ""reasons"": [""ml_accumulation"", ""price_confirmation""], ""action"": ""ENTER"", ""engine"": ""core_trend""}"
62,2019-02-24,LONG,R1,153.41793603745018,0.5297359105760582,0.25,ml_accumulation|price_confirmation,-17.463598951087388,16.8381597902431,6.910393688470506,48,48,179.25069325432898,126.6256429688341,"{""date"": ""2019-02-24"", ""regime"": ""R1"", ""direction"": ""LONG"", ""model_probability"": 0.3900694692759215, ""adjusted_confidence"": 0.5297359105760582, ""position_size"": 0.25, ""reasons"": [""ml_accumulation"", ""price_confirmation""], ""action"": ""ENTER"", ""engine"": ""core_trend""}"
63,2019-02-25,LONG,R1,137.84466995983266,0.5297359105760582,0.25,ml_accumulation|price_confirmation,-8.138890676199328,30.038175075294426,18.721591109724024,48,48,179.25069325432898,126.6256429688341,"{""date"": ""2019-02-25"", ""regime"": ""R1"", ""direction"": ""LONG"", ""model_probability"": 0.3900694692759215, ""adjusted_confidence"": 0.5297359105760582, ""position_size"": 0.25, ""reasons"": [""ml_accumulation"", ""price_confirmation""], ""action"": ""ENTER"", ""engine"": ""core_trend""}"
64,2019-04-10,SHORT,R5,178.82730768911438,0.7300267034822132,1.0,vol_expansion,-51.22627889606064,13.12966543530598,-51.22627889606064,48,48,270.4338830682566,155.34788048256846,"{""date"": ""2019-04-10"", ""regime"": ""R5"", ""direction"": ""SHORT"", ""model_probability"": 0.6426092616800267, ""adjusted_confidence"": 0.7300267034822132, ""position_size"": 1.0, ""reasons"": [""vol_expansion""], ""action"": ""ENTER"", ""engine"": ""core_trend""}"
65,2019-04-11,LONG,R1,167.86219820877042,0.5205787185373223,0.25,ml_accumulation|price_confirmation,-7.455113694292203,61.104695371567594,60.3600501953717,48,48,270.4338830682566,155.34788048256846,"{""date"": ""2019-04-11"", ""regime"": ""R1"", ""direction"": ""LONG"", ""model_probability"": 0.3900694692759215, ""adjusted_confidence"": 0.5205787185373223, ""position_size"": 0.25, ""reasons"": [""ml_accumulation"", ""price_confirmation""], ""action"": ""ENTER"", ""engine"": ""core_trend""}"
66,2019-04-13,SHORT,R5,164.01971940636386,0.85,1.0,vol_expansion,-68.19670606107917,5.287070941946103,-57.184073697163896,48,48,275.87576533212865,155.34788048256846,"{""date"": ""2019-04-13"", ""regime"": ""R5"", ""direction"": ""SHORT"", ""model_probability"": 0.8005888847994111, ""adjusted_confidence"": 0.85, ""position_size"": 1.0, ""reasons"": [""vol_expansion""], ""action"": ""ENTER"", ""engine"": ""core_trend""}"
67,2019-05-11,LONG,R2,186.05661556634013,0.5703511131788384,0.25,ml_accumulation|price_confirmation,0.0,81.38768255482516,63.89726095756152,48,48,337.48378321572443,186.05661556634013,"{""date"": ""2019-05-11"", ""regime"": ""R2"", ""direction"": ""LONG"", ""model_probability"": 0.43068467187870174, ""adjusted_confidence"": 0.5703511131788384, ""position_size"": 0.25, ""reasons"": [""ml_accumulation"", ""price_confirmation""], ""action"": ""ENTER"", ""engine"": ""core_trend""}"
68,2019-05-13,LONG,R1,193.49801740313453,0.5741606369883622,0.25,ml_accumulation|price_confirmation,0.0,74.41201090583237,59.250689694741254,48,48,337.48378321572443,193.49801740313453,"{""date"": ""2019-05-13"", ""regime"": ""R1"", ""direction"": ""LONG"", ""model_probability"": 0.43449419568822556, ""adjusted_confidence"": 0.5741606369883622, ""position_size"": 0.25, ""reasons"": [""ml_accumulation"", ""price_confirmation""], ""action"": ""ENTER"", ""engine"": ""core_trend""}"
69,2019-05-14,LONG,R1,206.45147550803668,0.5741606369883622,0.25,ml_accumulation|price_confirmation,0.0,63.4688162849129,41.63896980203739,48,48,337.48378321572443,206.45147550803668,"{""date"": ""2019-05-14"", ""regime"": ""R1"", ""direction"": ""LONG"", ""model_probability"": 0.43449419568822556, ""adjusted_confidence"": 0.5741606369883622, ""position_size"": 0.25, ""reasons"": [""ml_accumulation"", ""price_confirmation""], ""action"": ""ENTER"", ""engine"": ""core_trend""}"
70,2019-05-15,LONG,R1,231.6899570195033,0.5703511131788384,0.25,ml_accumulation|price_confirmation,0.0,45.661809237297035,23.29355948846379,48,48,337.48378321572443,231.6899570195033,"{""date"": ""2019-05-15"", ""regime"": ""R1"", ""direction"": ""LONG"", ""model_probability"": 0.43068467187870174, ""adjusted_confidence"": 0.5703511131788384, ""position_size"": 0.25, ""reasons"": [""ml_accumulation"", ""price_confirmation""], ""action"": ""ENTER"", ""engine"": ""core_trend""}"
71,2019-05-16,LONG,R1,260.71484445752293,0.5558583595556499,0.25,ml_accumulation|price_confirmation,-8.459251556453406,29.445557240109178,13.424652303859252,48,48,337.48378321572443,238.66031991984485,"{""date"": ""2019-05-16"", ""regime"": ""R1"", ""direction"": ""LONG"", ""model_probability"": 0.41619191825551327, ""adjusted_confidence"": 0.5558583595556499, ""position_size"": 0.25, ""reasons"": [""ml_accumulation"", ""price_confirmation""], ""action"": ""ENTER"", ""engine"": ""core_trend""}"
72,2019-05-25,LONG,R1,251.21560122541712,0.5558583595556499,0.25,ml_accumulation|price_confirmation,-4.92305990112305,34.340296370725156,8.946183287900222,48,48,337.48378321572443,238.8481066961234,"{""date"": ""2019-05-25"", ""regime"": ""R1"", ""direction"": ""LONG"", ""model_probability"": 0.41619191825551327, ""adjusted_confidence"": 0.5558583595556499, ""position_size"": 0.25, ""reasons"": [""ml_accumulation"", ""price_confirmation""], ""action"": ""ENTER"", ""engine"": ""core_trend""}"
73,2019-05-26,LONG,R1,251.5756485287129,0.5491663599104823,0.25,ml_accumulation|price_confirmation,-5.059131083244273,34.14803268497055,7.506436537690542,48,48,337.48378321572443,238.8481066961234,"{""date"": ""2019-05-26"", ""regime"": ""R1"", ""direction"": ""LONG"", ""model_probability"": 0.40456222289910987, ""adjusted_confidence"": 0.5491663599104823, ""position_size"": 0.25, ""reasons"": [""ml_accumulation"", ""price_confirmation""], ""action"": ""ENTER"", ""engine"": ""core_trend""}"
74,2019-05-28,LONG,R1,270.4338830682566,0.5346736062872941,0.25,ml_accumulation|price_confirmation,-16.330822944149958,24.793453907010864,-16.330822944149958,48,48,337.48378321572443,226.2698044433901,"{""date"": ""2019-05-28"", ""regime"": ""R1"", ""direction"": ""LONG"", ""model_probability"": 0.3900694692759215, ""adjusted_confidence"": 0.5346736062872941, ""position_size"": 0.25, ""reasons"": [""ml_accumulation"", ""price_confirmation""], ""action"": ""ENTER"", ""engine"": ""core_trend""}"
75,2019-06-02,LONG,R1,268.46907941531856,0.5297359105760582,0.25,ml_accumulation|price_confirmation,-23.367053384105795,25.706760700602295,-15.230544670281066,48,48,337.48378321572443,205.7357663085237,"{""date"": ""2019-06-02"", ""regime"": ""R1"", ""direction"": ""LONG"", ""model_probability"": 0.3900694692759215, ""adjusted_confidence"": 0.5297359105760582, ""position_size"": 0.25, ""reasons"": [""ml_accumulation"", ""price_confirmation""], ""action"": ""ENTER"", ""engine"": ""core_trend""}"
76,2019-06-23,LONG,R1,312.3731351112135,0.5346736062872941,0.25,ml_accumulation|price_confirmation,-34.1378168659491,8.038670833703687,-33.21317161999004,48,48,337.48378321572443,205.7357663085237,"{""date"": ""2019-06-23"", ""regime"": ""R1"", ""direction"": ""LONG"", ""model_probability"": 0.3900694692759215, ""adjusted_confidence"": 0.5346736062872941, ""position_size"": 0.25, ""reasons"": [""ml_accumulation"", ""price_confirmation""], ""action"": ""ENTER"", ""engine"": ""core_trend""}"
77,2019-06-24,LONG,R1,308.2883919661196,0.5752888088900743,0.25,ml_accumulation|price_confirmation,-33.26515961355635,9.470155870420616,-31.42624609805035,48,48,337.48378321572443,205.7357663085237,"{""date"": ""2019-06-24"", ""regime"": ""R1"", ""direction"": ""LONG"", ""model_probability"": 0.43068467187870174, ""adjusted_confidence"": 0.5752888088900743, ""position_size"": 0.25, ""reasons"": [""ml_accumulation"", ""price_confirmation""], ""action"": ""ENTER"", ""engine"": ""core_trend""}"
78,2019-06-27,LONG,R1,314.9534262016955,0.5703511131788384,0.25,ml_accumulation|price_confirmation,-35.84559848009465,0.0,-35.84559848009465,48,48,314.9534262016955,202.0564856461345,"{""date"": ""2019-06-27"", ""regime"": ""R1"", ""direction"": ""LONG"", ""model_probability"": 0.43068467187870174, ""adjusted_confidence"": 0.5703511131788384, ""position_size"": 0.25, ""reasons"": [""ml_accumulation"", ""price_confirmation""], ""action"": ""ENTER"", ""engine"": ""core_trend""}"
79,2019-06-30,LONG,R1,308.1469272601422,0.5205787185373223,0.25,ml_accumulation|price_confirmation,-40.10329633754672,1.0625811263543117,-40.044491320714705,48,48,311.4212383506492,184.56985186596285,"{""date"": ""2019-06-30"", ""regime"": ""R1"", ""direction"": ""LONG"", ""model_probability"": 0.3900694692759215, ""adjusted_confidence"": 0.5205787185373223, ""position_size"": 0.25, ""reasons"": [""ml_accumulation"", ""price_confirmation""], ""action"": ""ENTER"", ""engine"": ""core_trend""}"
80,2019-07-02,SHORT,R5,285.6587949866375,0.85,1.0,btc_breakdown|vol_expansion,-9.018606749082192,35.38800306337614,30.391687707473057,48,48,311.4212383506492,184.56985186596285,"{""date"": ""2019-07-02"", ""regime"": ""R5"", ""direction"": ""SHORT"", ""model_probability"": 0.8005888847994111, ""adjusted_confidence"": 0.85, ""position_size"": 1.0, ""reasons"": [""btc_breakdown"", ""vol_expansion""], ""action"": ""ENTER"", ""engine"": ""core_trend""}"
81,2019-07-12,SHORT,R5,273.68980935884343,0.85,1.0,btc_breakdown|vol_expansion,-0.0,38.06408799661429,38.06408799661429,48,48,273.68980935884343,169.51227948672738,"{""date"": ""2019-07-12"", ""regime"": ""R5"", ""direction"": ""SHORT"", ""model_probability"": 0.9639784946236558, ""adjusted_confidence"": 0.85, ""position_size"": 1.0, ""reasons"": [""btc_breakdown"", ""vol_expansion""], ""action"": ""ENTER"", ""engine"": ""core_trend""}"
82,2019-07-18,SHORT,R5,217.97288996578743,0.85,1.0,btc_breakdown,-5.44213809664309,22.575711103656182,18.719539324664424,48,48,229.8352756509695,168.76396004282088,"{""date"": ""2019-07-18"", ""regime"": ""R5"", ""direction"": ""SHORT"", ""model_probability"": 0.9639784946236558, ""adjusted_confidence"": 0.85, ""position_size"": 1.0, ""reasons"": [""btc_breakdown""], ""action"": ""ENTER"", ""engine"": ""core_trend""}"
83,2019-08-14,SHORT,R5,202.0564856461345,0.85,1.0,btc_breakdown|low_volatility,-7.576285715656095,17.578054181926984,11.134945809524666,48,48,217.3648623056993,166.53888712115946,"{""date"": ""2019-08-14"", ""regime"": ""R5"", ""direction"": ""SHORT"", ""model_probability"": 0.9639784946236558, ""adjusted_confidence"": 0.85, ""position_size"": 1.0, ""reasons"": [""btc_breakdown"", ""low_volatility""], ""action"": ""ENTER"", ""engine"": ""core_trend""}"
84,2019-09-05,LONG,R1,173.08531160410334,0.5205787185373223,0.25,ml_accumulation|price_confirmation,-4.994701097582343,25.582500497139947,-4.994701097582343,48,48,217.3648623056993,164.44021764565937,"{""date"": ""2019-09-05"", ""regime"": ""R1"", ""direction"": ""LONG"", ""model_probability"": 0.3900694692759215, ""adjusted_confidence"": 0.5205787185373223, ""position_size"": 0.25, ""reasons"": [""ml_accumulation"", ""price_confirmation""], ""action"": ""ENTER"", ""engine"": ""core_trend""}"
85,2019-09-25,SHORT,R5,168.41362124287062,0.8480763978534198,1.0,btc_breakdown|vol_expansion,-13.806695409673896,4.2182289626426,-10.201225229969646,48,48,191.6659769562756,161.30954909456864,"{""date"": ""2019-09-25"", ""regime"": ""R5"", ""direction"": ""SHORT"", ""model_probability"": 0.7175671485920191, ""adjusted_confidence"": 0.8480763978534198, ""position_size"": 1.0, ""reasons"": [""btc_breakdown"", ""vol_expansion""], ""action"": ""ENTER"", ""engine"": ""core_trend""}"
86,2019-09-26,SHORT,R5,166.79646901968627,0.7381202565034428,1.0,btc_breakdown|vol_expansion,-14.910092571356603,3.2895899759544878,-11.924467797055115,48,48,191.6659769562756,161.30954909456864,"{""date"": ""2019-09-26"", ""regime"": ""R5"", ""direction"": ""SHORT"", ""model_probability"": 0.6076110072420421, ""adjusted_confidence"": 0.7381202565034428, ""position_size"": 1.0, ""reasons"": [""btc_breakdown"", ""vol_expansion""], ""action"": ""ENTER"", ""engine"": ""core_trend""}"
87,2019-10-31,LONG,R1,182.23013920515825,0.5043085926692863,0.25,ml_accumulation|price_confirmation,-31.489785070817312,4.457681049578821,-31.489785070817312,48,48,190.3533775871277,124.84626003520272,"{""date"": ""2019-10-31"", ""regime"": ""R1"", ""direction"": ""LONG"", ""model_probability"": 0.3900694692759215, ""adjusted_confidence"": 0.5043085926692863, ""position_size"": 0.25, ""reasons"": [""ml_accumulation"", ""price_confirmation""], ""action"": ""ENTER"", ""engine"": ""core_trend""}"
88,2019-12-18,SHORT,R5,124.84626003520272,0.85,1.0,btc_breakdown|vol_expansion,-51.88361270572417,-0.0,-50.255327224372806,48,48,189.6210100694486,124.84626003520272,"{""date"": ""2019-12-18"", ""regime"": ""R5"", ""direction"": ""SHORT"", ""model_probability"": 1.0, ""adjusted_confidence"": 0.85, ""position_size"": 1.0, ""reasons"": [""btc_breakdown"", ""vol_expansion""], ""action"": ""ENTER"", ""engine"": ""core_trend""}"
89,2019-12-25,SHORT,R5,125.36277683018648,0.85,1.0,btc_breakdown|vol_expansion,-81.05471466306638,0.07172519119499343,-79.81431784093225,48,48,226.9752178835908,125.27286013881768,"{""date"": ""2019-12-25"", ""regime"": ""R5"", ""direction"": ""SHORT"", ""model_probability"": 0.9833333333333332, ""adjusted_confidence"": 0.85, ""position_size"": 1.0, ""reasons"": [""btc_breakdown"", ""vol_expansion""], ""action"": ""ENTER"", ""engine"": ""core_trend""}"
90,2020-01-12,LONG,R1,143.9265447182128,0.5346736062872941,0.25,ml_accumulation|price_confirmation,-0.373769387857259,92.99507060477308,57.468894660363226,48,48,277.7711365979251,143.38859135305543,"{""date"": ""2020-01-12"", ""regime"": ""R1"", ""direction"": ""LONG"", ""model_probability"": 0.3900694692759215, ""adjusted_confidence"": 0.5346736062872941, ""position_size"": 0.25, ""reasons"": [""ml_accumulation"", ""price_confirmation""], ""action"": ""ENTER"", ""engine"": ""core_trend""}"
91,2020-01-13,LONG,R1,143.38859135305543,0.5346736062872941,0.25,ml_accumulation|price_confirmation,0.0,93.7191334239341,53.371721328339646,48,48,277.7711365979251,143.38859135305543,"{""date"": ""2020-01-13"", ""regime"": ""R1"", ""direction"": ""LONG"", ""model_probability"": 0.3900694692759215, ""adjusted_confidence"": 0.5346736062872941, ""position_size"": 0.25, ""reasons"": [""ml_accumulation"", ""price_confirmation""], ""action"": ""ENTER"", ""engine"": ""core_trend""}"
92,2020-01-15,LONG,R1,164.64303735026263,0.5205787185373223,0.25,ml_accumulation|price_confirmation,-2.8056782923334356,68.71113474843943,38.035233531157566,48,48,277.7711365979251,160.02368339148788,"{""date"": ""2020-01-15"", ""regime"": ""R1"", ""direction"": ""LONG"", ""model_probability"": 0.3900694692759215, ""adjusted_confidence"": 0.5205787185373223, ""position_size"": 0.25, ""reasons"": [""ml_accumulation"", ""price_confirmation""], ""action"": ""ENTER"", ""engine"": ""core_trend""}"
93,2020-01-16,LONG,R1,162.1915061263737,0.5297359105760582,0.25,ml_accumulation|price_confirmation,-1.3365821593621097,71.26121042460507,38.47634268292226,48,48,277.7711365979251,160.02368339148788,"{""date"": ""2020-01-16"", ""regime"": ""R1"", ""direction"": ""LONG"", ""model_probability"": 0.3900694692759215, ""adjusted_confidence"": 0.5297359105760582, ""position_size"": 0.25, ""reasons"": [""ml_accumulation"", ""price_confirmation""], ""action"": ""ENTER"", ""engine"": ""core_trend""}"
94,2020-01-17,SHORT,R5,168.32204665818173,0.6382332926180373,0.5,vol_expansion,-65.02362115522868,4.9300513102396355,-36.74539918687012,48,48,277.7711365979251,160.02368339148788,"{""date"": ""2020-01-17"", ""regime"": ""R5"", ""direction"": ""SHORT"", ""model_probability"": 0.5508158508158508, ""adjusted_confidence"": 0.6382332926180373, ""position_size"": 0.5, ""reasons"": [""vol_expansion""], ""action"": ""ENTER"", ""engine"": ""core_trend""}"
95,2020-01-19,LONG,R1,170.10816766289926,0.5108953308659132,0.25,ml_accumulation|price_confirmation,-5.92827752480154,63.29088744779136,42.796551128483195,48,48,277.7711365979251,160.02368339148788,"{""date"": ""2020-01-19"", ""regime"": ""R1"", ""direction"": ""LONG"", ""model_probability"": 0.3712288895657766, ""adjusted_confidence"": 0.5108953308659132, ""position_size"": 0.25, ""reasons"": [""ml_accumulation"", ""price_confirmation""], ""action"": ""ENTER"", ""engine"": ""core_trend""}"
96,2020-02-10,LONG,R1,222.8094266105704,0.5297359105760582,0.25,ml_accumulation|price_confirmation,-49.070262403813736,24.667587374306898,-42.194608110228884,48,48,277.7711365979251,113.47625631233072,"{""date"": ""2020-02-10"", ""regime"": ""R1"", ""direction"": ""LONG"", ""model_probability"": 0.3900694692759215, ""adjusted_confidence"": 0.5297359105760582, ""position_size"": 0.25, ""reasons"": [""ml_accumulation"", ""price_confirmation""], ""action"": ""ENTER"", ""engine"": ""core_trend""}"
97,2020-02-13,LONG,R1,267.5714581877314,0.5297359105760582,0.25,ml_accumulation|price_confirmation,-57.590298651093654,3.8119455936280966,-50.70649075857288,48,48,277.7711365979251,113.47625631233072,"{""date"": ""2020-02-13"", ""regime"": ""R1"", ""direction"": ""LONG"", ""model_probability"": 0.3900694692759215, ""adjusted_confidence"": 0.5297359105760582, ""position_size"": 0.25, ""reasons"": [""ml_accumulation"", ""price_confirmation""], ""action"": ""ENTER"", ""engine"": ""core_trend""}"
98,2020-03-12,SHORT,R5,156.69555665033712,0.85,1.0,vol_expansion,-32.17337213414344,27.581701269583135,-32.17337213414344,48,48,207.10980120911765,113.47625631233072,"{""date"": ""2020-03-12"", ""regime"": ""R5"", ""direction"": ""SHORT"", ""model_probability"": 0.9066007967947902, ""adjusted_confidence"": 0.85, ""position_size"": 1.0, ""reasons"": [""vol_expansion""], ""action"": ""ENTER"", ""engine"": ""core_trend""}"
99,2020-03-13,SHORT,R5,123.32135287327333,0.85,1.0,btc_breakdown|vol_expansion,-73.72030986155886,7.983286212453056,-73.72030986155886,48,48,214.23423633691684,113.47625631233072,"{""date"": ""2020-03-13"", ""regime"": ""R5"", ""direction"": ""SHORT"", ""model_probability"": 0.8088533549846169, ""adjusted_confidence"": 0.85, ""position_size"": 1.0, ""reasons"": [""btc_breakdown"", ""vol_expansion""], ""action"": ""ENTER"", ""engine"": ""core_trend""}"
100,2020-03-21,LONG,R1,131.8922400686316,0.5346736062872941,0.25,ml_accumulation|price_confirmation,-3.7508937214779103,62.43126678676294,60.712384814498435,48,48,214.23423633691684,126.94510231678072,"{""date"": ""2020-03-21"", ""regime"": ""R1"", ""direction"": ""LONG"", ""model_probability"": 0.3900694692759215, ""adjusted_confidence"": 0.5346736062872941, ""position_size"": 0.25, ""reasons"": [""ml_accumulation"", ""price_confirmation""], ""action"": ""ENTER"", ""engine"": ""core_trend""}"
101,2020-03-26,LONG,R1,135.59424961054825,0.5297359105760582,0.25,ml_accumulation|price_confirmation,-5.013772641894687,57.99654996597361,42.531564053001134,48,48,214.23423633691684,128.79586221959218,"{""date"": ""2020-03-26"", ""regime"": ""R1"", ""direction"": ""LONG"", ""model_probability"": 0.3900694692759215, ""adjusted_confidence"": 0.5297359105760582, ""position_size"": 0.25, ""reasons"": [""ml_accumulation"", ""price_confirmation""], ""action"": ""ENTER"", ""engine"": ""core_trend""}"
102,2020-03-27,LONG,R1,137.11512804524827,0.5205787185373223,0.25,ml_accumulation|price_confirmation,-6.067358098451914,56.24405519004374,46.337793668517776,48,48,214.23423633691684,128.79586221959218,"{""date"": ""2020-03-27"", ""regime"": ""R1"", ""direction"": ""LONG"", ""model_probability"": 0.3900694692759215, ""adjusted_confidence"": 0.5205787185373223, ""position_size"": 0.25, ""reasons"": [""ml_accumulation"", ""price_confirmation""], ""action"": ""ENTER"", ""engine"": ""core_trend""}"
103,2020-03-28,LONG,R1,128.93958684196792,0.5297359105760582,0.25,ml_accumulation|price_confirmation,-0.11146663790065903,66.15086303905137,54.355072876177914,48,48,214.23423633691684,128.79586221959218,"{""date"": ""2020-03-28"", ""regime"": ""R1"", ""direction"": ""LONG"", ""model_probability"": 0.3900694692759215, ""adjusted_confidence"": 0.5297359105760582, ""position_size"": 0.25, ""reasons"": [""ml_accumulation"", ""price_confirmation""], ""action"": ""ENTER"", ""engine"": ""core_trend""}"
104,2020-04-06,LONG,R2,154.50802283102664,0.5558583595556499,0.25,ml_accumulation|price_confirmation,-0.2658209512669041,38.6557360656981,34.052717728765856,48,48,214.23423633691684,154.09730813495352,"{""date"": ""2020-04-06"", ""regime"": ""R2"", ""direction"": ""LONG"", ""model_probability"": 0.41619191825551327, ""adjusted_confidence"": 0.5558583595556499, ""position_size"": 0.25, ""reasons"": [""ml_accumulation"", ""price_confirmation""], ""action"": ""ENTER"", ""engine"": ""core_trend""}"
105,2020-04-07,LONG,R1,170.42913593223935,0.5346736062872941,0.25,ml_accumulation|price_confirmation,-9.582767469864528,25.70282373671946,19.01113894349722,48,48,214.23423633691684,154.09730813495352,"{""date"": ""2020-04-07"", ""regime"": ""R1"", ""direction"": ""LONG"", ""model_probability"": 0.3900694692759215, ""adjusted_confidence"": 0.5346736062872941, ""position_size"": 0.25, ""reasons"": [""ml_accumulation"", ""price_confirmation""], ""action"": ""ENTER"", ""engine"": ""core_trend""}"
106,2020-04-08,LONG,R1,169.30215774766697,0.5346736062872941,0.25,ml_accumulation|price_confirmation,-8.980895350061168,26.539578223343142,19.338284504366456,48,48,214.23423633691684,154.09730813495352,"{""date"": ""2020-04-08"", ""regime"": ""R1"", ""direction"": ""LONG"", ""model_probability"": 0.3900694692759215, ""adjusted_confidence"": 0.5346736062872941, ""position_size"": 0.25, ""reasons"": [""ml_accumulation"", ""price_confirmation""], ""action"": ""ENTER"", ""engine"": ""core_trend""}"
107,2020-04-14,SHORT,R5,158.269322850395,0.85,1.0,btc_breakdown|vol_expansion,-50.447081020513984,0.17397775039560415,-50.447081020513984,48,48,238.11157637935264,157.99396944293355,"{""date"": ""2020-04-14"", ""regime"": ""R5"", ""direction"": ""SHORT"", ""model_probability"": 0.9490662139219015, ""adjusted_confidence"": 0.85, ""position_size"": 1.0, ""reasons"": [""btc_breakdown"", ""vol_expansion""], ""action"": ""ENTER"", ""engine"": ""core_trend""}"
108,2020-04-19,LONG,R1,182.93438954759,0.5346736062872941,0.25,ml_accumulation|price_confirmation,-6.162565698942412,33.21393532280956,31.8925060094702,48,48,243.69409937510304,171.66093760576052,"{""date"": ""2020-04-19"", ""regime"": ""R1"", ""direction"": ""LONG"", ""model_probability"": 0.3900694692759215, ""adjusted_confidence"": 0.5346736062872941, ""position_size"": 0.25, ""reasons"": [""ml_accumulation"", ""price_confirmation""], ""action"": ""ENTER"", ""engine"": ""core_trend""}"
109,2020-04-22,SHORT,R5,176.81020921780382,0.85,1.0,btc_breakdown,-37.8280702529503,-0.0,-37.729601120215946,48,48,243.69409937510304,176.81020921780382,"{""date"": ""2020-04-22"", ""regime"": ""R5"", ""direction"": ""SHORT"", ""model_probability"": 0.9833333333333332, ""adjusted_confidence"": 0.85, ""position_size"": 1.0, ""reasons"": [""btc_breakdown""], ""action"": ""ENTER"", ""engine"": ""core_trend""}"
110,2020-04-24,LONG,R1,187.4680987859078,0.5346736062872941,0.25,ml_accumulation|price_confirmation,-0.15063506181276498,30.326319598301964,29.15722909675098,48,48,244.32027356858268,187.18570609942245,"{""date"": ""2020-04-24"", ""regime"": ""R1"", ""direction"": ""LONG"", ""model_probability"": 0.3900694692759215, ""adjusted_confidence"": 0.5346736062872941, ""position_size"": 0.25, ""reasons"": [""ml_accumulation"", ""price_confirmation""], ""action"": ""ENTER"", ""engine"": ""core_trend""}"
111,2020-04-25,LONG,R1,192.4116227279375,0.5346736062872941,0.25,ml_accumulation|price_confirmation,-2.716008811954307,26.97791853979734,22.342850092414324,48,48,244.32027356858268,187.18570609942245,"{""date"": ""2020-04-25"", ""regime"": ""R1"", ""direction"": ""LONG"", ""model_probability"": 0.3900694692759215, ""adjusted_confidence"": 0.5346736062872941, ""position_size"": 0.25, ""reasons"": [""ml_accumulation"", ""price_confirmation""], ""action"": ""ENTER"", ""engine"": ""core_trend""}"
112,2020-04-26,LONG,R1,195.2679875662765,0.5346736062872941,0.25,ml_accumulation|price_confirmation,-4.139071420557771,25.120495486059745,21.271116004675484,48,48,244.32027356858268,187.18570609942245,"{""date"": ""2020-04-26"", ""regime"": ""R1"", ""direction"": ""LONG"", ""model_probability"": 0.3900694692759215, ""adjusted_confidence"": 0.5346736062872941, ""position_size"": 0.25, ""reasons"": [""ml_accumulation"", ""price_confirmation""], ""action"": ""ENTER"", ""engine"": ""core_trend""}"
113,2020-04-27,LONG,R1,195.22188875046527,0.5346736062872941,0.25,ml_accumulation|price_confirmation,-4.1164352534846955,25.15004087521944,20.803650811077823,48,48,244.32027356858268,187.18570609942245,"{""date"": ""2020-04-27"", ""regime"": ""R1"", ""direction"": ""LONG"", ""model_probability"": 0.3900694692759215, ""adjusted_confidence"": 0.5346736062872941, ""position_size"": 0.25, ""reasons"": [""ml_accumulation"", ""price_confirmation""], ""action"": ""ENTER"", ""engine"": ""core_trend""}"
114,2020-04-28,LONG,R1,195.5512370843365,0.5297359105760582,0.25,ml_accumulation|price_confirmation,-4.277922814319091,24.939262574551393,16.13122413303476,48,48,244.32027356858268,187.18570609942245,"{""date"": ""2020-04-28"", ""regime"": ""R1"", ""direction"": ""LONG"", ""model_probability"": 0.3900694692759215, ""adjusted_confidence"": 0.5297359105760582, ""position_size"": 0.25, ""reasons"": [""ml_accumulation"", ""price_confirmation""], ""action"": ""ENTER"", ""engine"": ""core_trend""}"
115,2020-05-06,LONG,R1,206.76234257509748,0.5297359105760582,0.25,ml_accumulation|price_confirmation,-9.4681827608742,18.164783067227972,17.5013760856366,48,48,244.32027356858268,187.18570609942245,"{""date"": ""2020-05-06"", ""regime"": ""R1"", ""direction"": ""LONG"", ""model_probability"": 0.3900694692759215, ""adjusted_confidence"": 0.5297359105760582, ""position_size"": 0.25, ""reasons"": [""ml_accumulation"", ""price_confirmation""], ""action"": ""ENTER"", ""engine"": ""core_trend""}"
